"person.id","person.latest_member.id","person.latest_member.name.first","person.latest_member.name.last","person.latest_member.electorate","person.latest_member.house","person.latest_member.party","agreement","voted","policy_id","policy_name"
17999,1714,"Сергій","Кудлаєнко","обрано в Раду за списком партії","rada","Фракція ПАРТІЇ ""БЛОК ПЕТРА ПОРОШЕНКА""","50",FALSE,40,"За політичний курс Президента"
18016,1505,"Остап","Єднак","обрано в Раду за списком партії","rada","Позафракційні","50",FALSE,40,"За політичний курс Президента"
18017,1251,"Ігор","Діденко","обрано в Раду за списком партії","rada","Фракція Політичної партії ""Об'єднання ""САМОПОМІЧ""","50",FALSE,40,"За політичний курс Президента"
18018,1180,"Тетяна","Острікова","обрано в Раду за списком партії","rada","Фракція Політичної партії ""Об'єднання ""САМОПОМІЧ""","50",FALSE,40,"За політичний курс Президента"
18019,1484,"Олександр","Опанасенко","обрано в Раду за списком партії","rada","Фракція Політичної партії ""Об'єднання ""САМОПОМІЧ""","50",FALSE,40,"За політичний курс Президента"
18020,1525,"Руслан","Сидорович","обрано в Раду за списком партії","rada","Фракція Політичної партії ""Об'єднання ""САМОПОМІЧ""","50",FALSE,40,"За політичний курс Президента"
18021,1422,"Вікторія","Войціцька","обрано в Раду за списком партії","rada","Фракція Політичної партії ""Об'єднання ""САМОПОМІЧ""","50",FALSE,40,"За політичний курс Президента"
18022,1648,"Вікторія","Пташник","обрано в Раду за списком партії","rada","Позафракційні","50",FALSE,40,"За політичний курс Президента"
18024,1211,"Ірина","Сисоєнко","обрано в Раду за списком партії","rada","Фракція Політичної партії ""Об'єднання ""САМОПОМІЧ""","50",FALSE,40,"За політичний курс Президента"
18025,1273,"Лев","Підлісецький","обрано в Раду за списком партії","rada","Фракція Політичної партії ""Об'єднання ""САМОПОМІЧ""","50",FALSE,40,"За політичний курс Президента"
18026,1152,"Роман","Семенуха","обрано в Раду за списком партії","rada","Фракція Політичної партії ""Об'єднання ""САМОПОМІЧ""","50",FALSE,40,"За політичний курс Президента"
18027,1603,"Олег","Березюк","обрано в Раду за списком партії","rada","Фракція Політичної партії ""Об'єднання ""САМОПОМІЧ""","50",FALSE,40,"За політичний курс Президента"
18028,1131,"Павло","Костенко","обрано в Раду за списком партії","rada","Фракція Політичної партії ""Об'єднання ""САМОПОМІЧ""","50",FALSE,40,"За політичний курс Президента"
18015,1225,"Андрій","Журжій","обрано в Раду за списком партії","rada","Фракція Політичної партії ""Об'єднання ""САМОПОМІЧ""","50",FALSE,40,"За політичний курс Президента"
18014,1592,"Іван","Мірошніченко","обрано в Раду за списком партії","rada","Фракція Політичної партії ""Об'єднання ""САМОПОМІЧ""","50",FALSE,40,"За політичний курс Президента"
18002,1527,"Ганна","Гопко","обрано в Раду за списком партії","rada","Позафракційні","50",FALSE,40,"За політичний курс Президента"
18003,1188,"Семен","Семенченко","обрано в Раду за списком партії","rada","Фракція Політичної партії ""Об'єднання ""САМОПОМІЧ""","50",FALSE,40,"За політичний курс Президента"
18004,1460,"Олексій","Скрипник","обрано в Раду за списком партії","rada","Фракція Політичної партії ""Об'єднання ""САМОПОМІЧ""","50",FALSE,40,"За політичний курс Президента"
18005,1720,"Віктор","Кривенко","обрано в Раду за списком партії","rada","Фракція ПАРТІЇ ""БЛОК ПЕТРА ПОРОШЕНКА""","50",FALSE,40,"За політичний курс Президента"
18006,1264,"Павло","Кишкар","обрано в Раду за списком партії","rada","Фракція ПАРТІЇ ""БЛОК ПЕТРА ПОРОШЕНКА""","50",FALSE,40,"За політичний курс Президента"
18007,1512,"Альона","Бабак","обрано в Раду за списком партії","rada","Фракція Політичної партії ""Об'єднання ""САМОПОМІЧ""","50",FALSE,40,"За політичний курс Президента"
18008,1352,"Наталія","Веселова","обрано в Раду за списком партії","rada","Фракція Політичної партії ""Об'єднання ""САМОПОМІЧ""","50",FALSE,40,"За політичний курс Президента"
18009,1699,"Олександр","Данченко","обрано в Раду за списком партії","rada","Фракція Політичної партії ""Об'єднання ""САМОПОМІЧ""","50",FALSE,40,"За політичний курс Президента"
18010,1212,"Олена","Сотник","обрано в Раду за списком партії","rada","Фракція Політичної партії ""Об'єднання ""САМОПОМІЧ""","50",FALSE,40,"За політичний курс Президента"
18011,1366,"Олег","Лаврик","обрано в Раду за списком партії","rada","Фракція Політичної партії ""Об'єднання ""САМОПОМІЧ""","50",FALSE,40,"За політичний курс Президента"
18012,1455,"Єгор","Соболєв","обрано в Раду за списком партії","rada","Фракція Політичної партії ""Об'єднання ""САМОПОМІЧ""","50",FALSE,40,"За політичний курс Президента"
18013,1434,"Ярослав","Маркевич","обрано в Раду за списком партії","rada","Фракція Політичної партії ""Об'єднання ""САМОПОМІЧ""","50",FALSE,40,"За політичний курс Президента"
18029,1196,"Анна","Романова","обрано в Раду за списком партії","rada","Фракція Політичної партії ""Об'єднання ""САМОПОМІЧ""","50",FALSE,40,"За політичний курс Президента"
18030,1626,"Андрій","Мірошник","обрано в Раду за списком партії","rada","Фракція Політичної партії ""Об'єднання ""САМОПОМІЧ""","50",FALSE,40,"За політичний курс Президента"
18031,1195,"Сергій","Кіраль","обрано в Раду за списком партії","rada","Фракція Політичної партії ""Об'єднання ""САМОПОМІЧ""","50",FALSE,40,"За політичний курс Президента"
18048,1429,"Альона","Кошелєва","обрано в Раду за списком партії","rada","Фракція Радикальної партії Олега Ляшка","50",FALSE,40,"За політичний курс Президента"
18049,1142,"Андрій","Артеменко","обрано в Раду за списком партії","rada","Позафракційні","50",FALSE,40,"За політичний курс Президента"
18050,1462,"Олег","Купрієнко","обрано в Раду за списком партії","rada","Фракція Радикальної партії Олега Ляшка","50",FALSE,40,"За політичний курс Президента"
18051,1134,"Сергій","Скуратовський","обрано в Раду за списком партії","rada","Фракція Радикальної партії Олега Ляшка","50",FALSE,40,"За політичний курс Президента"
18052,1285,"Дмитро","Лінько","обрано в Раду за списком партії","rada","Фракція Радикальної партії Олега Ляшка","50",FALSE,40,"За політичний курс Президента"
18053,1151,"Сергій","Рибалка","обрано в Раду за списком партії","rada","Фракція Радикальної партії Олега Ляшка","50",FALSE,40,"За політичний курс Президента"
18054,1238,"Ігор","Луценко","обрано в Раду за списком партії","rada","Фракція політичної партії ""Всеукраїнське об'єднання ""Батьківщина"" у Верховній Раді України","50",FALSE,40,"За політичний курс Президента"
18055,1495,"Вадим","Івченко","обрано в Раду за списком партії","rada","Фракція політичної партії ""Всеукраїнське об'єднання ""Батьківщина"" у Верховній Раді України","50",FALSE,40,"За політичний курс Президента"
18056,1385,"Олексій","Рябчин","обрано в Раду за списком партії","rada","Фракція політичної партії ""Всеукраїнське об'єднання ""Батьківщина"" у Верховній Раді України","50",FALSE,40,"За політичний курс Президента"
18057,1192,"Ігор","Жданов","обрано в Раду за списком партії","rada","Фракція політичної партії ""Всеукраїнське об'єднання ""Батьківщина"" у Верховній Раді України","50",FALSE,40,"За політичний курс Президента"
18058,1166,"Володимир","Арешонков","Житомирська область","rada","Фракція ПАРТІЇ ""БЛОК ПЕТРА ПОРОШЕНКА""","50",FALSE,40,"За політичний курс Президента"
18059,1616,"Ігор","Артюшенко","Запорізька область","rada","Фракція ПАРТІЇ ""БЛОК ПЕТРА ПОРОШЕНКА""","50",FALSE,40,"За політичний курс Президента"
18047,1185,"Денис","Силантьєв","обрано в Раду за списком партії","rada","Фракція Радикальної партії Олега Ляшка","50",FALSE,40,"За політичний курс Президента"
18046,1311,"Віктор","Галасюк","обрано в Раду за списком партії","rada","Фракція Радикальної партії Олега Ляшка","50",FALSE,40,"За політичний курс Президента"
18032,1710,"Вадим","Рабінович","обрано в Раду за списком партії","rada","Фракція Політичної партії ""Опозиційний блок"" у Верховній Раді України восьмого скликання","50",FALSE,40,"За політичний курс Президента"
18033,1705,"Микола","Скорик","обрано в Раду за списком партії","rada","Фракція Політичної партії ""Опозиційний блок"" у Верховній Раді України восьмого скликання","50",FALSE,40,"За політичний курс Президента"
18034,1536,"Тарас","Козак","обрано в Раду за списком партії","rada","Фракція Політичної партії ""Опозиційний блок"" у Верховній Раді України восьмого скликання","50",FALSE,40,"За політичний курс Президента"
18036,1543,"Володимир","Гусак","обрано в Раду за списком партії","rada","Фракція Політичної партії ""Опозиційний блок"" у Верховній Раді України восьмого скликання","50",FALSE,40,"За політичний курс Президента"
18037,1307,"Василь","Німченко","обрано в Раду за списком партії","rada","Фракція Політичної партії ""Опозиційний блок"" у Верховній Раді України восьмого скликання","50",FALSE,40,"За політичний курс Президента"
18039,1475,"Сергій","Мельничук","обрано в Раду за списком партії","rada","Група ""Воля народу""","50",FALSE,40,"За політичний курс Президента"
18040,1331,"Злата","Огнєвіч","обрано в Раду за списком партії","rada","Фракція Радикальної партії Олега Ляшка","50",FALSE,40,"За політичний курс Президента"
18041,1711,"Юрій-Богдан","Шухевич","обрано в Раду за списком партії","rada","Фракція Радикальної партії Олега Ляшка","50",FALSE,40,"За політичний курс Президента"
18042,1659,"Ігор","Попов","обрано в Раду за списком партії","rada","Фракція Радикальної партії Олега Ляшка","50",FALSE,40,"За політичний курс Президента"
18043,1599,"Артем","Вітко","обрано в Раду за списком партії","rada","Позафракційні","50",FALSE,40,"За політичний курс Президента"
18044,1199,"Валерій","Вощевський","обрано в Раду за списком партії","rada","Фракція Радикальної партії Олега Ляшка","50",FALSE,40,"За політичний курс Президента"
18045,1321,"Ігор","Мосійчук","обрано в Раду за списком партії","rada","Фракція Радикальної партії Олега Ляшка","50",FALSE,40,"За політичний курс Президента"
18060,1308,"Євген","Бакулін","Луганська область","rada","Фракція Політичної партії ""Опозиційний блок"" у Верховній Раді України восьмого скликання","50",FALSE,40,"За політичний курс Президента"
17998,1219,"Василь","Брензович","обрано в Раду за списком партії","rada","Фракція ПАРТІЇ ""БЛОК ПЕТРА ПОРОШЕНКА""","50",FALSE,40,"За політичний курс Президента"
17108,1492,"Вадим","Новинський","обрано в Раду за списком партії","rada","Фракція Політичної партії ""Опозиційний блок"" у Верховній Раді України восьмого скликання","50",FALSE,40,"За політичний курс Президента"
17955,1346,"Роман","Заставний","обрано в Раду за списком партії","rada","Фракція Політичної партії ""НАРОДНИЙ ФРОНТ""","50",FALSE,40,"За політичний курс Президента"
17956,1508,"Євген","Дейдей","обрано в Раду за списком партії","rada","Фракція Політичної партії ""НАРОДНИЙ ФРОНТ""","50",FALSE,40,"За політичний курс Президента"
17957,1391,"Олександр","Ксенжук","обрано в Раду за списком партії","rada","Фракція Політичної партії ""НАРОДНИЙ ФРОНТ""","50",FALSE,40,"За політичний курс Президента"
17958,1478,"Георгій","Логвинський","обрано в Раду за списком партії","rada","Фракція Політичної партії ""НАРОДНИЙ ФРОНТ""","50",FALSE,40,"За політичний курс Президента"
17959,1426,"Віктор","Єленський","обрано в Раду за списком партії","rada","Фракція Політичної партії ""НАРОДНИЙ ФРОНТ""","50",FALSE,40,"За політичний курс Президента"
17960,1428,"Максим","Поляков","обрано в Раду за списком партії","rada","Фракція Політичної партії ""НАРОДНИЙ ФРОНТ""","50",FALSE,40,"За політичний курс Президента"
17961,1461,"Микола","Величкович","обрано в Раду за списком партії","rada","Фракція Політичної партії ""НАРОДНИЙ ФРОНТ""","50",FALSE,40,"За політичний курс Президента"
17962,1519,"Олександр","Горбунов","обрано в Раду за списком партії","rada","Фракція Політичної партії ""НАРОДНИЙ ФРОНТ""","50",FALSE,40,"За політичний курс Президента"
17963,1133,"Сергій","Висоцький","обрано в Раду за списком партії","rada","Фракція Політичної партії ""НАРОДНИЙ ФРОНТ""","50",FALSE,40,"За політичний курс Президента"
17964,1359,"Петро","Ванат","обрано в Раду за списком партії","rada","Фракція Політичної партії ""НАРОДНИЙ ФРОНТ""","50",FALSE,40,"За політичний курс Президента"
17965,1400,"Ігор","Котвіцький","обрано в Раду за списком партії","rada","Фракція Політичної партії ""НАРОДНИЙ ФРОНТ""","50",FALSE,40,"За політичний курс Президента"
17966,1140,"Олена","Масоріна","обрано в Раду за списком партії","rada","Фракція Політичної партії ""НАРОДНИЙ ФРОНТ""","50",FALSE,40,"За політичний курс Президента"
17954,1351,"Вадим","Сидорчук","обрано в Раду за списком партії","rada","Фракція Політичної партії ""НАРОДНИЙ ФРОНТ""","50",FALSE,40,"За політичний курс Президента"
17953,1379,"Костянтин","Матейченко","обрано в Раду за списком партії","rada","Фракція Політичної партії ""НАРОДНИЙ ФРОНТ""","50",FALSE,40,"За політичний курс Президента"
17379,1197,"Дмитро","Сторожук","обрано в Раду за списком партії","rada","Фракція Політичної партії ""НАРОДНИЙ ФРОНТ""","50",FALSE,40,"За політичний курс Президента"
17413,1157,"Олена","Ледовських","обрано в Раду за списком партії","rada","Фракція Політичної партії ""НАРОДНИЙ ФРОНТ""","50",FALSE,40,"За політичний курс Президента"
17414,1302,"Олена","Колганова","обрано в Раду за списком партії","rada","Фракція Політичної партії ""НАРОДНИЙ ФРОНТ""","50",FALSE,40,"За політичний курс Президента"
17568,1684,"Сергій","Березенко","Чернігівська область","rada","Фракція ПАРТІЇ ""БЛОК ПЕТРА ПОРОШЕНКА""","50",FALSE,40,"За політичний курс Президента"
17650,1396,"Олександр","Шевченко","Івано-Франківська область","rada","Позафракційні","50",FALSE,40,"За політичний курс Президента"
17666,1513,"Роман","Насіров","обрано в Раду за списком партії","rada","Фракція ПАРТІЇ ""БЛОК ПЕТРА ПОРОШЕНКА""","50",FALSE,40,"За політичний курс Президента"
17946,1167,"Тетяна","Чорновол","обрано в Раду за списком партії","rada","Фракція Політичної партії ""НАРОДНИЙ ФРОНТ""","50",FALSE,40,"За політичний курс Президента"
17947,1265,"Андрій","Тетерук","обрано в Раду за списком партії","rada","Фракція Політичної партії ""НАРОДНИЙ ФРОНТ""","50",FALSE,40,"За політичний курс Президента"
17948,1483,"Вікторія","Сюмар","обрано в Раду за списком партії","rada","Фракція Політичної партії ""НАРОДНИЙ ФРОНТ""","50",FALSE,40,"За політичний курс Президента"
17949,1202,"Юрій","Береза","обрано в Раду за списком партії","rada","Фракція Політичної партії ""НАРОДНИЙ ФРОНТ""","50",FALSE,40,"За політичний курс Президента"
17950,1446,"Дмитро","Тимчук","обрано в Раду за списком партії","rada","Фракція Політичної партії ""НАРОДНИЙ ФРОНТ""","50",FALSE,40,"За політичний курс Президента"
17952,1301,"Антон","Геращенко","обрано в Раду за списком партії","rada","Фракція Політичної партії ""НАРОДНИЙ ФРОНТ""","50",FALSE,40,"За політичний курс Президента"
17967,1576,"Наталія","Кацер-Бучковська","обрано в Раду за списком партії","rada","Фракція Політичної партії ""НАРОДНИЙ ФРОНТ""","50",FALSE,40,"За політичний курс Президента"
17968,1642,"Володимир","Соляр","обрано в Раду за списком партії","rada","Фракція Політичної партії ""НАРОДНИЙ ФРОНТ""","50",FALSE,40,"За політичний курс Президента"
17969,1357,"Тарас","Кремінь","обрано в Раду за списком партії","rada","Фракція Політичної партії ""НАРОДНИЙ ФРОНТ""","50",FALSE,40,"За політичний курс Президента"
17985,1523,"Артур","Герасимов","обрано в Раду за списком партії","rada","Фракція ПАРТІЇ ""БЛОК ПЕТРА ПОРОШЕНКА""","50",FALSE,40,"За політичний курс Президента"
17986,1491,"Вадим","Денисенко","обрано в Раду за списком партії","rada","Фракція ПАРТІЇ ""БЛОК ПЕТРА ПОРОШЕНКА""","50",FALSE,40,"За політичний курс Президента"
17987,1193,"Сергій","Тригубенко","обрано в Раду за списком партії","rada","Фракція ПАРТІЇ ""БЛОК ПЕТРА ПОРОШЕНКА""","50",FALSE,40,"За політичний курс Президента"
17988,1640,"Олексій","Савченко","обрано в Раду за списком партії","rada","Фракція ПАРТІЇ ""БЛОК ПЕТРА ПОРОШЕНКА""","50",FALSE,40,"За політичний курс Президента"
17989,1676,"Ольга","Червакова","обрано в Раду за списком партії","rada","Фракція ПАРТІЇ ""БЛОК ПЕТРА ПОРОШЕНКА""","50",FALSE,40,"За політичний курс Президента"
17990,1226,"Михайло","Кобцев","обрано в Раду за списком партії","rada","Фракція ПАРТІЇ ""БЛОК ПЕТРА ПОРОШЕНКА""","50",FALSE,40,"За політичний курс Президента"
17991,1565,"Гліб","Загорій","обрано в Раду за списком партії","rada","Фракція ПАРТІЇ ""БЛОК ПЕТРА ПОРОШЕНКА""","50",FALSE,40,"За політичний курс Президента"
17992,1469,"Михайло","Гвоздьов","обрано в Раду за списком партії","rada","Фракція ПАРТІЇ ""БЛОК ПЕТРА ПОРОШЕНКА""","50",FALSE,40,"За політичний курс Президента"
17993,1290,"Сергій","Алєксєєв","обрано в Раду за списком партії","rada","Фракція ПАРТІЇ ""БЛОК ПЕТРА ПОРОШЕНКА""","50",FALSE,40,"За політичний курс Президента"
17994,1665,"Олександр","Бакуменко","обрано в Раду за списком партії","rada","Фракція ПАРТІЇ ""БЛОК ПЕТРА ПОРОШЕНКА""","50",FALSE,40,"За політичний курс Президента"
17995,1632,"Олександр","Грановський","обрано в Раду за списком партії","rada","Фракція ПАРТІЇ ""БЛОК ПЕТРА ПОРОШЕНКА""","50",FALSE,40,"За політичний курс Президента"
17996,1606,"Олексій","Мушак","обрано в Раду за списком партії","rada","Фракція ПАРТІЇ ""БЛОК ПЕТРА ПОРОШЕНКА""","50",FALSE,40,"За політичний курс Президента"
17984,1490,"Олексій","Гончаренко","обрано в Раду за списком партії","rada","Фракція ПАРТІЇ ""БЛОК ПЕТРА ПОРОШЕНКА""","50",FALSE,40,"За політичний курс Президента"
17983,1510,"Андрій","Антонищак","обрано в Раду за списком партії","rada","Фракція ПАРТІЇ ""БЛОК ПЕТРА ПОРОШЕНКА""","50",FALSE,40,"За політичний курс Президента"
17970,1557,"Вадим","Кривенко","обрано в Раду за списком партії","rada","Фракція Політичної партії ""НАРОДНИЙ ФРОНТ""","50",FALSE,40,"За політичний курс Президента"
17972,1370,"Ольга","Богомолець","обрано в Раду за списком партії","rada","Фракція ПАРТІЇ ""БЛОК ПЕТРА ПОРОШЕНКА""","50",FALSE,40,"За політичний курс Президента"
17973,1554,"Володимир","Гройсман","обрано в Раду за списком партії","rada","Позафракційні","50",FALSE,40,"За політичний курс Президента"
17974,1356,"Юлій","Мамчур","обрано в Раду за списком партії","rada","Фракція ПАРТІЇ ""БЛОК ПЕТРА ПОРОШЕНКА""","50",FALSE,40,"За політичний курс Президента"
17975,1324,"Сергій","Квіт","обрано в Раду за списком партії","rada","Фракція ПАРТІЇ ""БЛОК ПЕТРА ПОРОШЕНКА""","50",FALSE,40,"За політичний курс Президента"
17976,1405,"Світлана","Заліщук","обрано в Раду за списком партії","rada","Фракція ПАРТІЇ ""БЛОК ПЕТРА ПОРОШЕНКА""","50",FALSE,40,"За політичний курс Президента"
17977,1588,"Сергій","Лещенко","обрано в Раду за списком партії","rada","Фракція ПАРТІЇ ""БЛОК ПЕТРА ПОРОШЕНКА""","50",FALSE,40,"За політичний курс Президента"
17978,1334,"Мустафа-Масі","Найєм","обрано в Раду за списком партії","rada","Фракція ПАРТІЇ ""БЛОК ПЕТРА ПОРОШЕНКА""","50",FALSE,40,"За політичний курс Президента"
17979,1682,"Олександр","Черненко","обрано в Раду за списком партії","rada","Фракція ПАРТІЇ ""БЛОК ПЕТРА ПОРОШЕНКА""","50",FALSE,40,"За політичний курс Президента"
17980,1257,"Ніна","Южаніна","обрано в Раду за списком партії","rada","Фракція ПАРТІЇ ""БЛОК ПЕТРА ПОРОШЕНКА""","50",FALSE,40,"За політичний курс Президента"
17981,1360,"Ігор","Кононенко","обрано в Раду за списком партії","rada","Фракція ПАРТІЇ ""БЛОК ПЕТРА ПОРОШЕНКА""","50",FALSE,40,"За політичний курс Президента"
17982,1215,"Богдан","Онуфрик","обрано в Раду за списком партії","rada","Фракція ПАРТІЇ ""БЛОК ПЕТРА ПОРОШЕНКА""","50",FALSE,40,"За політичний курс Президента"
17997,1420,"Іванна","Климпуш-Цинцадзе","обрано в Раду за списком партії","rada","Фракція ПАРТІЇ ""БЛОК ПЕТРА ПОРОШЕНКА""","50",FALSE,40,"За політичний курс Президента"
18130,1522,"Євген","Рибчинський","м. Київ","rada","Група ""Воля народу""","50",FALSE,40,"За політичний курс Президента"
18145,1607,"Борис","Філатов","Дніпропетровська область","rada","Позафракційні","50",FALSE,40,"За політичний курс Президента"
18146,1472,"Микола","Фролов","Запорізька область","rada","Фракція ПАРТІЇ ""БЛОК ПЕТРА ПОРОШЕНКА""","50",FALSE,40,"За політичний курс Президента"
18147,1674,"Сергій","Хлань","Херсонська область","rada","Фракція ПАРТІЇ ""БЛОК ПЕТРА ПОРОШЕНКА""","50",FALSE,40,"За політичний курс Президента"
18148,1194,"Тарас","Юрик","Тернопільська область","rada","Фракція ПАРТІЇ ""БЛОК ПЕТРА ПОРОШЕНКА""","50",FALSE,40,"За політичний курс Президента"
18149,1206,"Оксана","Юринець","Львівська область","rada","Фракція ПАРТІЇ ""БЛОК ПЕТРА ПОРОШЕНКА""","50",FALSE,40,"За політичний курс Президента"
18150,1453,"Петро","Юрчишин","Вінницька область","rada","Фракція ПАРТІЇ ""БЛОК ПЕТРА ПОРОШЕНКА""","50",FALSE,40,"За політичний курс Президента"
18151,1724,"Василь","Яніцький","Рівненська область","rada","Фракція ПАРТІЇ ""БЛОК ПЕТРА ПОРОШЕНКА""","50",FALSE,40,"За політичний курс Президента"
18152,1250,"Костянтин","Яриніч","Кіровоградська область","rada","Фракція ПАРТІЇ ""БЛОК ПЕТРА ПОРОШЕНКА""","50",FALSE,40,"За політичний курс Президента"
18153,1572,"Дмитро","Ярош","Дніпропетровська область","rada","Позафракційні","50",FALSE,40,"За політичний курс Президента"
18160,1548,"Валерій","Куліч","Чернігівська область","rada","Фракція ПАРТІЇ ""БЛОК ПЕТРА ПОРОШЕНКА""","50",FALSE,40,"За політичний курс Президента"
18161,1621,"Сергій","Мельник","Хмельницька область","rada","Фракція ПАРТІЇ ""БЛОК ПЕТРА ПОРОШЕНКА""","50",FALSE,40,"За політичний курс Президента"
18163,1291,"Юрій","Македон","Вінницька область","rada","Фракція ПАРТІЇ ""БЛОК ПЕТРА ПОРОШЕНКА""","50",FALSE,40,"За політичний курс Президента"
18144,1159,"Костянтин","Усов","Дніпропетровська область","rada","Фракція ПАРТІЇ ""БЛОК ПЕТРА ПОРОШЕНКА""","50",FALSE,40,"За політичний курс Президента"
18143,1228,"Олександр","Урбанський","Одеська область","rada","Фракція ПАРТІЇ ""БЛОК ПЕТРА ПОРОШЕНКА""","50",FALSE,40,"За політичний курс Президента"
18131,1403,"Борислав","Розенблат","Житомирська область","rada","Фракція ПАРТІЇ ""БЛОК ПЕТРА ПОРОШЕНКА""","50",FALSE,40,"За політичний курс Президента"
18132,1353,"Віктор","Романюк","Київська область","rada","Фракція Політичної партії ""НАРОДНИЙ ФРОНТ""","50",FALSE,40,"За політичний курс Президента"
18133,1596,"Сергій","Сажко","Донецька область","rada","Фракція Політичної партії ""Опозиційний блок"" у Верховній Раді України восьмого скликання","50",FALSE,40,"За політичний курс Президента"
18134,1164,"Юрій","Соловей","Івано-Франківська область","rada","Фракція ПАРТІЇ ""БЛОК ПЕТРА ПОРОШЕНКА""","50",FALSE,40,"За політичний курс Президента"
18135,1575,"Юрій","Солод","Донецька область","rada","Фракція Політичної партії ""Опозиційний блок"" у Верховній Раді України восьмого скликання","50",FALSE,40,"За політичний курс Президента"
18136,1394,"Олександр","Співаковський","Херсонська область","rada","Фракція ПАРТІЇ ""БЛОК ПЕТРА ПОРОШЕНКА""","50",FALSE,40,"За політичний курс Президента"
18137,1666,"Іван","Спориш","Вінницька область","rada","Фракція ПАРТІЇ ""БЛОК ПЕТРА ПОРОШЕНКА""","50",FALSE,40,"За політичний курс Президента"
18138,1583,"Віталій","Сташук","м. Київ","rada","Фракція Політичної партії ""НАРОДНИЙ ФРОНТ""","50",FALSE,40,"За політичний курс Президента"
18139,1237,"Олександр","Сугоняко","Сумська область","rada","Фракція ПАРТІЇ ""БЛОК ПЕТРА ПОРОШЕНКА""","50",FALSE,40,"За політичний курс Президента"
18140,1221,"Сергій","Тарута","Донецька область","rada","Позафракційні","50",FALSE,40,"За політичний курс Президента"
18141,1316,"Юрій","Тимошенко","Івано-Франківська область","rada","Фракція Політичної партії ""НАРОДНИЙ ФРОНТ""","50",FALSE,40,"За політичний курс Президента"
18142,1375,"Григорій","Тіміш","Чернівецька область","rada","Фракція ПАРТІЇ ""БЛОК ПЕТРА ПОРОШЕНКА""","50",FALSE,40,"За політичний курс Президента"
18164,1569,"Андрій","Помазанов","обрано в Раду за списком партії","rada","Фракція Політичної партії ""НАРОДНИЙ ФРОНТ""","50",FALSE,40,"За політичний курс Президента"
18165,1174,"Оксана","Корчинська","обрано в Раду за списком партії","rada","Фракція Радикальної партії Олега Ляшка","50",FALSE,40,"За політичний курс Президента"
18166,1609,"Надія","Савченко","обрано в Раду за списком партії","rada","Позафракційні","50",FALSE,40,"За політичний курс Президента"
19550,1693,"Федір","Бендюженко","обрано в Раду за списком партії","rada","Фракція Політичної партії ""НАРОДНИЙ ФРОНТ""","50",FALSE,40,"За політичний курс Президента"
19622,1300,"Вадим","Підберезняк","обрано в Раду за списком партії","rada","Фракція Політичної партії ""НАРОДНИЙ ФРОНТ""","50",FALSE,40,"За політичний курс Президента"
19623,1214,"Тетяна","Юзькова","обрано в Раду за списком партії","rada","Фракція Радикальної партії Олега Ляшка","50",FALSE,40,"За політичний курс Президента"
19740,1667,"Хвича","Мепарішвілі","обрано в Раду за списком партії","rada","Фракція Політичної партії ""НАРОДНИЙ ФРОНТ""","50",FALSE,40,"За політичний курс Президента"
19857,1691,"Олег","Велікін","обрано в Раду за списком партії","rada","Фракція ПАРТІЇ ""БЛОК ПЕТРА ПОРОШЕНКА""","50",FALSE,40,"За політичний курс Президента"
19858,1489,"Максим","Саврасов","обрано в Раду за списком партії","rada","Фракція ПАРТІЇ ""БЛОК ПЕТРА ПОРОШЕНКА""","50",FALSE,40,"За політичний курс Президента"
19859,1399,"Ярослав","Єдаков","обрано в Раду за списком партії","rada","Фракція Політичної партії ""НАРОДНИЙ ФРОНТ""","50",FALSE,40,"За політичний курс Президента"
20103,1190,"Ірина","Констанкевич","Волинська область","rada","Позафракційні","50",FALSE,40,"За політичний курс Президента"
20104,1702,"Віктор","Шевченко","Івано-Франківська область","rada","Позафракційні","50",FALSE,40,"За політичний курс Президента"
20105,1345,"Тетяна","Ричкова","Дніпропетровська область","rada","Фракція ПАРТІЇ ""БЛОК ПЕТРА ПОРОШЕНКА""","50",FALSE,40,"За політичний курс Президента"
20106,1282,"Сергій","Шахов","Луганська область","rada","Група ""Воля народу""","50",FALSE,40,"За політичний курс Президента"
20107,1528,"Максим","Микитась","Чернігівська область","rada","Позафракційні","50",FALSE,40,"За політичний курс Президента"
19405,1317,"Владислав","Севрюков","обрано в Раду за списком партії","rada","Фракція ПАРТІЇ ""БЛОК ПЕТРА ПОРОШЕНКА""","50",FALSE,40,"За політичний курс Президента"
19404,1412,"Григорій","Шверк","обрано в Раду за списком партії","rada","Фракція ПАРТІЇ ""БЛОК ПЕТРА ПОРОШЕНКА""","50",FALSE,40,"За політичний курс Президента"
18167,1497,"Віталій","Корчик","обрано в Раду за списком партії","rada","Фракція Політичної партії ""НАРОДНИЙ ФРОНТ""","50",FALSE,40,"За політичний курс Президента"
18207,1153,"Степан","Барна","обрано в Раду за списком партії","rada","Фракція ПАРТІЇ ""БЛОК ПЕТРА ПОРОШЕНКА""","50",FALSE,40,"За політичний курс Президента"
18218,1500,"Юрій","Чижмарь","обрано в Раду за списком партії","rada","Фракція Радикальної партії Олега Ляшка","50",FALSE,40,"За політичний курс Президента"
18220,1298,"Дмитро","Стеценко","обрано в Раду за списком партії","rada","Фракція Політичної партії ""НАРОДНИЙ ФРОНТ""","50",FALSE,40,"За політичний курс Президента"
18221,1436,"Сергій","Драюк","обрано в Раду за списком партії","rada","Фракція Політичної партії ""НАРОДНИЙ ФРОНТ""","50",FALSE,40,"За політичний курс Президента"
18222,1178,"Олександр","Дроздик","обрано в Раду за списком партії","rada","Фракція Політичної партії ""НАРОДНИЙ ФРОНТ""","50",FALSE,40,"За політичний курс Президента"
18245,1312,"Олександр","Романовський","обрано в Раду за списком партії","rada","Фракція Політичної партії ""НАРОДНИЙ ФРОНТ""","50",FALSE,40,"За політичний курс Президента"
18414,1467,"Олександр","Ревега","Житомирська область","rada","Фракція ПАРТІЇ ""БЛОК ПЕТРА ПОРОШЕНКА""","50",FALSE,40,"За політичний курс Президента"
18604,1654,"Юрій","Бабій","обрано в Раду за списком партії","rada","Фракція Політичної партії ""НАРОДНИЙ ФРОНТ""","50",FALSE,40,"За політичний курс Президента"
18605,1547,"Ярослав","Лесюк","обрано в Раду за списком партії","rada","Фракція ПАРТІЇ ""БЛОК ПЕТРА ПОРОШЕНКА""","50",FALSE,40,"За політичний курс Президента"
19058,1602,"Андрій","Немировський","обрано в Раду за списком партії","rada","Фракція ПАРТІЇ ""БЛОК ПЕТРА ПОРОШЕНКА""","50",FALSE,40,"За політичний курс Президента"
19126,1530,"Любомир","Зубач","обрано в Раду за списком партії","rada","Позафракційні","50",FALSE,40,"За політичний курс Президента"
20121,1191,"Владислав","Данілін","обрано в Раду за списком партії","rada","Фракція Політичної партії ""НАРОДНИЙ ФРОНТ""","50",FALSE,40,"За політичний курс Президента"
18129,1333,"Андрій","Река","Полтавська область","rada","Фракція Політичної партії ""НАРОДНИЙ ФРОНТ""","50",FALSE,40,"За політичний курс Президента"
18061,1514,"Іван","Балога","Закарпатська область","rada","Позафракційні","50",FALSE,40,"За політичний курс Президента"
18078,1163,"Василь","Гуляєв","Одеська область","rada","Група ""Партія ""Відродження""","50",FALSE,40,"За політичний курс Президента"
18079,1532,"Валерій","Давиденко","Чернігівська область","rada","Фракція ПАРТІЇ ""БЛОК ПЕТРА ПОРОШЕНКА""","50",FALSE,40,"За політичний курс Президента"
18080,1173,"Руслан","Демчак","Вінницька область","rada","Фракція ПАРТІЇ ""БЛОК ПЕТРА ПОРОШЕНКА""","50",FALSE,40,"За політичний курс Президента"
18081,1255,"Андрій","Денисенко","Дніпропетровська область","rada","Позафракційні","50",FALSE,40,"За політичний курс Президента"
18082,1669,"Павло","Дзюблик","Житомирська область","rada","Фракція Політичної партії ""НАРОДНИЙ ФРОНТ""","50",FALSE,40,"За політичний курс Президента"
18083,1210,"Валентин","Дідич","Дніпропетровська область","rada","Позафракційні","50",FALSE,40,"За політичний курс Президента"
18084,1589,"Олег","Дмитренко","Чернігівська область","rada","Фракція ПАРТІЇ ""БЛОК ПЕТРА ПОРОШЕНКА""","50",FALSE,40,"За політичний курс Президента"
18085,1330,"Дмитро","Добродомов","Львівська область","rada","Позафракційні","50",FALSE,40,"За політичний курс Президента"
18086,1389,"Олесь","Довгий","Кіровоградська область","rada","Група ""Воля народу""","50",FALSE,40,"За політичний курс Президента"
18087,1518,"Олександр","Дубінін","Дніпропетровська область","rada","Позафракційні","50",FALSE,40,"За політичний курс Президента"
18088,1479,"Богдан","Дубневич","Львівська область","rada","Фракція ПАРТІЇ ""БЛОК ПЕТРА ПОРОШЕНКА""","50",FALSE,40,"За політичний курс Президента"
18089,1372,"Анатолій","Євлахов","Чернігівська область","rada","Фракція ПАРТІЇ ""БЛОК ПЕТРА ПОРОШЕНКА""","50",FALSE,40,"За політичний курс Президента"
18077,1283,"Віталій","Гудзенко","Київська область","rada","Фракція ПАРТІЇ ""БЛОК ПЕТРА ПОРОШЕНКА""","50",FALSE,40,"За політичний курс Президента"
18075,1610,"Роберт","Горват","Закарпатська область","rada","Фракція ПАРТІЇ ""БЛОК ПЕТРА ПОРОШЕНКА""","50",FALSE,40,"За політичний курс Президента"
18062,1343,"Олег","Барна","Тернопільська область","rada","Фракція ПАРТІЇ ""БЛОК ПЕТРА ПОРОШЕНКА""","50",FALSE,40,"За політичний курс Президента"
18063,1187,"Тарас","Батенко","Львівська область","rada","Позафракційні","50",FALSE,40,"За політичний курс Президента"
18064,1617,"Борислав","Береза","м. Київ","rada","Позафракційні","50",FALSE,40,"За політичний курс Президента"
18065,1229,"Андрій","Білецький","м. Київ","rada","Позафракційні","50",FALSE,40,"За політичний курс Президента"
18066,1545,"Михайло","Бондар","Львівська область","rada","Фракція Політичної партії ""НАРОДНИЙ ФРОНТ""","50",FALSE,40,"За політичний курс Президента"
18067,1325,"Андрій","Вадатурський","Миколаївська область","rada","Фракція ПАРТІЇ ""БЛОК ПЕТРА ПОРОШЕНКА""","50",FALSE,40,"За політичний курс Президента"
18068,1597,"Сергій","Валентиров","Запорізька область","rada","Фракція ПАРТІЇ ""БЛОК ПЕТРА ПОРОШЕНКА""","50",FALSE,40,"За політичний курс Президента"
18069,1418,"Іван","Вінник","Херсонська область","rada","Фракція ПАРТІЇ ""БЛОК ПЕТРА ПОРОШЕНКА""","50",FALSE,40,"За політичний курс Президента"
18070,1393,"Михайло","Гаврилюк","Київська область","rada","Фракція Політичної партії ""НАРОДНИЙ ФРОНТ""","50",FALSE,40,"За політичний курс Президента"
18071,1369,"Андрій","Гальченко","Дніпропетровська область","rada","Фракція Політичної партії ""Опозиційний блок"" у Верховній Раді України восьмого скликання","50",FALSE,40,"За політичний курс Президента"
18072,1722,"Юрій","Гарбуз","Луганська область","rada","Фракція ПАРТІЇ ""БЛОК ПЕТРА ПОРОШЕНКА""","50",FALSE,40,"За політичний курс Президента"
18074,1553,"Дмитро","Голубов","Одеська область","rada","Фракція ПАРТІЇ ""БЛОК ПЕТРА ПОРОШЕНКА""","50",FALSE,40,"За політичний курс Президента"
18090,1275,"Максим","Єфімов","Донецька область","rada","Фракція ПАРТІЇ ""БЛОК ПЕТРА ПОРОШЕНКА""","50",FALSE,40,"За політичний курс Президента"
18091,1339,"Олександр","Жолобецький","Миколаївська область","rada","Фракція ПАРТІЇ ""БЛОК ПЕТРА ПОРОШЕНКА""","50",FALSE,40,"За політичний курс Президента"
18092,1320,"Костянтин","Іщейкін","Полтавська область","rada","Фракція ПАРТІЇ ""БЛОК ПЕТРА ПОРОШЕНКА""","50",FALSE,40,"За політичний курс Президента"
18116,1349,"Дмитро","Лубінець","Донецька область","rada","Фракція ПАРТІЇ ""БЛОК ПЕТРА ПОРОШЕНКА""","50",FALSE,40,"За політичний курс Президента"
18117,1631,"Микола","Люшняк","Тернопільська область","rada","Фракція ПАРТІЇ ""БЛОК ПЕТРА ПОРОШЕНКА""","50",FALSE,40,"За політичний курс Президента"
18118,1198,"Олександр","Марченко","Київська область","rada","Позафракційні","50",FALSE,40,"За політичний курс Президента"
18119,1288,"Богдан","Матківський","Львівська область","rada","Фракція ПАРТІЇ ""БЛОК ПЕТРА ПОРОШЕНКА""","50",FALSE,40,"За політичний курс Президента"
18120,1563,"Роман","Мацола","Хмельницька область","rada","Фракція ПАРТІЇ ""БЛОК ПЕТРА ПОРОШЕНКА""","50",FALSE,40,"За політичний курс Президента"
18121,1189,"Іван","Мельничук","Вінницька область","rada","Фракція ПАРТІЇ ""БЛОК ПЕТРА ПОРОШЕНКА""","50",FALSE,40,"За політичний курс Президента"
18122,1533,"Олег","Недава","Донецька область","rada","Фракція ПАРТІЇ ""БЛОК ПЕТРА ПОРОШЕНКА""","50",FALSE,40,"За політичний курс Президента"
18123,1577,"Вадим","Нестеренко","Дніпропетровська область","rada","Фракція ПАРТІЇ ""БЛОК ПЕТРА ПОРОШЕНКА""","50",FALSE,40,"За політичний курс Президента"
18124,1384,"Володимир","Парасюк","Львівська область","rada","Позафракційні","50",FALSE,40,"За політичний курс Президента"
18125,1605,"Тарас","Пастух","Тернопільська область","rada","Фракція Політичної партії ""Об'єднання ""САМОПОМІЧ""","50",FALSE,40,"За політичний курс Президента"
18126,1723,"Олег","Петренко","Черкаська область","rada","Фракція ПАРТІЇ ""БЛОК ПЕТРА ПОРОШЕНКА""","50",FALSE,40,"За політичний курс Президента"
18127,1454,"Ірина","Подоляк","Львівська область","rada","Фракція Політичної партії ""Об'єднання ""САМОПОМІЧ""","50",FALSE,40,"За політичний курс Президента"
18115,1336,"Олександр","Лівік","Миколаївська область","rada","Фракція ПАРТІЇ ""БЛОК ПЕТРА ПОРОШЕНКА""","50",FALSE,40,"За політичний курс Президента"
18114,1625,"Ігор","Лапін","Волинська область","rada","Фракція Політичної партії ""НАРОДНИЙ ФРОНТ""","50",FALSE,40,"За політичний курс Президента"
18093,1544,"Олександр","Кірш","Харківська область","rada","Фракція Політичної партії ""НАРОДНИЙ ФРОНТ""","50",FALSE,40,"За політичний курс Президента"
18094,1177,"Андрій","Кіт","Львівська область","rada","Фракція ПАРТІЇ ""БЛОК ПЕТРА ПОРОШЕНКА""","50",FALSE,40,"За політичний курс Президента"
18095,1240,"Борис","Козир","Миколаївська область","rada","Фракція ПАРТІЇ ""БЛОК ПЕТРА ПОРОШЕНКА""","50",FALSE,40,"За політичний курс Президента"
18096,1567,"Вячеслав","Константіновський","м. Київ","rada","Позафракційні","50",FALSE,40,"За політичний курс Президента"
18097,1636,"Аркадій","Корнацький","Миколаївська область","rada","Фракція ПАРТІЇ ""БЛОК ПЕТРА ПОРОШЕНКА""","50",FALSE,40,"За політичний курс Президента"
18107,1686,"Вадим","Кривохатько","Запорізька область","rada","Фракція ПАРТІЇ ""БЛОК ПЕТРА ПОРОШЕНКА""","50",FALSE,40,"За політичний курс Президента"
18108,1306,"Олег","Кришин","Дніпропетровська область","rada","Фракція Політичної партії ""НАРОДНИЙ ФРОНТ""","50",FALSE,40,"За політичний курс Президента"
18109,1354,"Анатолій","Кузьменко","Кіровоградська область","rada","Фракція ПАРТІЇ ""БЛОК ПЕТРА ПОРОШЕНКА""","50",FALSE,40,"За політичний курс Президента"
18110,1568,"Іван","Куліченко","Дніпропетровська область","rada","Фракція ПАРТІЇ ""БЛОК ПЕТРА ПОРОШЕНКА""","50",FALSE,40,"За політичний курс Президента"
18111,1624,"Віталій","Купрій","Дніпропетровська область","rada","Позафракційні","50",FALSE,40,"За політичний курс Президента"
18112,1259,"Микола","Кучер","Вінницька область","rada","Фракція ПАРТІЇ ""БЛОК ПЕТРА ПОРОШЕНКА""","50",FALSE,40,"За політичний курс Президента"
18113,1457,"Микола","Лаврик","Сумська область","rada","Фракція ПАРТІЇ ""БЛОК ПЕТРА ПОРОШЕНКА""","50",FALSE,40,"За політичний курс Президента"
18128,1158,"Олексій","Порошенко","Вінницька область","rada","Фракція ПАРТІЇ ""БЛОК ПЕТРА ПОРОШЕНКА""","50",FALSE,40,"За політичний курс Президента"
6130,1707,"Олександр","Дехтярчук","Рівненська область","rada","Фракція ПАРТІЇ ""БЛОК ПЕТРА ПОРОШЕНКА""","50",FALSE,40,"За політичний курс Президента"
8723,1139,"Олексій","Білий","обрано в Раду за списком партії","rada","Фракція Політичної партії ""Опозиційний блок"" у Верховній Раді України восьмого скликання","50",FALSE,40,"За політичний курс Президента"
8725,1704,"Вячеслав","Богуслаєв","Запорізька область","rada","Група ""Воля народу""","50",FALSE,40,"За політичний курс Президента"
8737,1236,"Олександр","Вілкул","обрано в Раду за списком партії","rada","Фракція Політичної партії ""Опозиційний блок"" у Верховній Раді України восьмого скликання","50",FALSE,40,"За політичний курс Президента"
8741,1634,"Юрій","Воропаєв","обрано в Раду за списком партії","rada","Фракція Політичної партії ""Опозиційний блок"" у Верховній Раді України восьмого скликання","50",FALSE,40,"За політичний курс Президента"
8746,1646,"Євгеній","Гєллєр","Донецька область","rada","Група ""Партія ""Відродження""","50",FALSE,40,"За політичний курс Президента"
8757,1402,"Людмила","Денісова","обрано в Раду за списком партії","rada","Фракція Політичної партії ""НАРОДНИЙ ФРОНТ""","50",FALSE,40,"За політичний курс Президента"
8771,1452,"Володимир","Зубик","Черкаська область","rada","Група ""Партія ""Відродження""","50",FALSE,40,"За політичний курс Президента"
8781,1677,"Сергій","Клюєв","Донецька область","rada","Позафракційні","50",FALSE,40,"За політичний курс Президента"
8786,1230,"Андрій","Кожем'якін","обрано в Раду за списком партії","rada","Фракція політичної партії ""Всеукраїнське об'єднання ""Батьківщина"" у Верховній Раді України","50",FALSE,40,"За політичний курс Президента"
8803,1622,"Віталій","Курило","Луганська область","rada","Фракція ПАРТІЇ ""БЛОК ПЕТРА ПОРОШЕНКА""","50",FALSE,40,"За політичний курс Президента"
8815,1427,"Андрій","Лопушанський","Львівська область","rada","Фракція ПАРТІЇ ""БЛОК ПЕТРА ПОРОШЕНКА""","50",FALSE,40,"За політичний курс Президента"
8818,1516,"Олег","Ляшко","обрано в Раду за списком партії","rada","Фракція Радикальної партії Олега Ляшка","50",FALSE,40,"За політичний курс Президента"
8715,1470,"Віталій","Чепинога","обрано в Раду за списком партії","rada","Фракція ПАРТІЇ ""БЛОК ПЕТРА ПОРОШЕНКА""","50",FALSE,40,"За політичний курс Президента"
8696,1700,"Сергій","Пашинський","обрано в Раду за списком партії","rada","Фракція Політичної партії ""НАРОДНИЙ ФРОНТ""","50",FALSE,40,"За політичний курс Президента"
6201,1296,"Михайло","Довбенко","Івано-Франківська область","rada","Фракція ПАРТІЇ ""БЛОК ПЕТРА ПОРОШЕНКА""","50",FALSE,40,"За політичний курс Президента"
6332,1248,"Руслан","Лук'янчук","обрано в Раду за списком партії","rada","Фракція Політичної партії ""НАРОДНИЙ ФРОНТ""","50",FALSE,40,"За політичний курс Президента"
6548,1471,"Ігор","Шурма","обрано в Раду за списком партії","rada","Фракція Політичної партії ""Опозиційний блок"" у Верховній Раді України восьмого скликання","50",FALSE,40,"За політичний курс Президента"
7175,1701,"Леонід","Козаченко","обрано в Раду за списком партії","rada","Фракція ПАРТІЇ ""БЛОК ПЕТРА ПОРОШЕНКА""","50",FALSE,40,"За політичний курс Президента"
7371,1542,"Антон","Кіссе","Одеська область","rada","Група ""Партія ""Відродження""","50",FALSE,40,"За політичний курс Президента"
7718,1477,"Сергій","Льовочкін","обрано в Раду за списком партії","rada","Фракція Політичної партії ""Опозиційний блок"" у Верховній Раді України восьмого скликання","50",FALSE,40,"За політичний курс Президента"
7741,1587,"Геннадій","Чекіта","Одеська область","rada","Фракція ПАРТІЇ ""БЛОК ПЕТРА ПОРОШЕНКА""","50",FALSE,40,"За політичний курс Президента"
8125,1172,"Павло","Пинзеник","обрано в Раду за списком партії","rada","Фракція Політичної партії ""НАРОДНИЙ ФРОНТ""","50",FALSE,40,"За політичний курс Президента"
8132,1487,"Віктор","Вовк","обрано в Раду за списком партії","rada","Фракція Радикальної партії Олега Ляшка","50",FALSE,40,"За політичний курс Президента"
8238,1431,"Владислав","Голуб","Черкаська область","rada","Фракція ПАРТІЇ ""БЛОК ПЕТРА ПОРОШЕНКА""","50",FALSE,40,"За політичний курс Президента"
8473,1651,"Андрій","Шинькович","Хмельницька область","rada","Фракція ПАРТІЇ ""БЛОК ПЕТРА ПОРОШЕНКА""","50",FALSE,40,"За політичний курс Президента"
8693,1643,"Наталія","Королевська","обрано в Раду за списком партії","rada","Фракція Політичної партії ""Опозиційний блок"" у Верховній Раді України восьмого скликання","50",FALSE,40,"За політичний курс Президента"
8826,1595,"Юрій","Мірошниченко","обрано в Раду за списком партії","rada","Фракція Політичної партії ""Опозиційний блок"" у Верховній Раді України восьмого скликання","50",FALSE,40,"За політичний курс Президента"
8827,1639,"Сергій","Міщенко","Київська область","rada","Позафракційні","50",FALSE,40,"За політичний курс Президента"
8830,1160,"Григорій","Немиря","обрано в Раду за списком партії","rada","Фракція політичної партії ""Всеукраїнське об'єднання ""Батьківщина"" у Верховній Раді України","50",FALSE,40,"За політичний курс Президента"
11102,1421,"Юрій","Мороко","обрано в Раду за списком партії","rada","Фракція Політичної партії ""Опозиційний блок"" у Верховній Раді України восьмого скликання","50",FALSE,40,"За політичний курс Президента"
11106,1627,"Іван","Мирний","обрано в Раду за списком партії","rada","Фракція Політичної партії ""Опозиційний блок"" у Верховній Раді України восьмого скликання","50",FALSE,40,"За політичний курс Президента"
11109,1392,"Юлія","Льовочкіна","обрано в Раду за списком партії","rada","Фракція Політичної партії ""Опозиційний блок"" у Верховній Раді України восьмого скликання","50",FALSE,40,"За політичний курс Президента"
11116,1411,"Арсеній","Яценюк","обрано в Раду за списком партії","rada","Фракція Політичної партії ""НАРОДНИЙ ФРОНТ""","50",FALSE,40,"За політичний курс Президента"
11118,1535,"Володимир","Ар'єв","м. Київ","rada","Фракція ПАРТІЇ ""БЛОК ПЕТРА ПОРОШЕНКА""","50",FALSE,40,"За політичний курс Президента"
11121,1556,"Ірина","Геращенко","обрано в Раду за списком партії","rada","Позафракційні","50",FALSE,40,"За політичний курс Президента"
11129,1650,"Юрій","Стець","обрано в Раду за списком партії","rada","Фракція ПАРТІЇ ""БЛОК ПЕТРА ПОРОШЕНКА""","50",FALSE,40,"За політичний курс Президента"
11131,1410,"Василь","Петьовка","Закарпатська область","rada","Група ""Воля народу""","50",FALSE,40,"За політичний курс Президента"
11166,1649,"Олена","Кондратюк","обрано в Раду за списком партії","rada","Фракція політичної партії ""Всеукраїнське об'єднання ""Батьківщина"" у Верховній Раді України","50",FALSE,40,"За політичний курс Президента"
11173,1696,"Руслан","Богдан","Полтавська область","rada","Фракція політичної партії ""Всеукраїнське об'єднання ""Батьківщина"" у Верховній Раді України","50",FALSE,40,"За політичний курс Президента"
11342,1292,"Олена","Матузко","обрано в Раду за списком партії","rada","Фракція ПАРТІЇ ""БЛОК ПЕТРА ПОРОШЕНКА""","50",FALSE,40,"За політичний курс Президента"
11584,1319,"Андрій","Парубій","обрано в Раду за списком партії","rada","Позафракційні","50",FALSE,40,"За політичний курс Президента"
11098,1413,"Дмитро","Колєсніков","обрано в Раду за списком партії","rada","Фракція Політичної партії ""Опозиційний блок"" у Верховній Раді України восьмого скликання","50",FALSE,40,"За політичний курс Президента"
11097,1315,"Олександр","Супруненко","м. Київ","rada","Позафракційні","50",FALSE,40,"За політичний курс Президента"
8832,1169,"Юрій","Одарченко","Херсонська область","rada","Фракція політичної партії ""Всеукраїнське об'єднання ""Батьківщина"" у Верховній Раді України","50",FALSE,40,"За політичний курс Президента"
8838,1425,"Валерій","Писаренко","Харківська область","rada","Група ""Партія ""Відродження""","50",FALSE,40,"За політичний курс Президента"
8885,1242,"Дмитро","Шенцев","Харківська область","rada","Фракція Політичної партії ""Опозиційний блок"" у Верховній Раді України восьмого скликання","50",FALSE,40,"За політичний курс Президента"
8889,1175,"Дмитро","Шлемко","обрано в Раду за списком партії","rada","Фракція політичної партії ""Всеукраїнське об'єднання ""Батьківщина"" у Верховній Раді України","50",FALSE,40,"За політичний курс Президента"
9123,1692,"Іван","Рибак","Чернівецька область","rada","Фракція ПАРТІЇ ""БЛОК ПЕТРА ПОРОШЕНКА""","50",FALSE,40,"За політичний курс Президента"
9540,1367,"Павло","Унгурян","обрано в Раду за списком партії","rada","Фракція Політичної партії ""НАРОДНИЙ ФРОНТ""","50",FALSE,40,"За політичний курс Президента"
9684,1253,"Ірина","Фріз","обрано в Раду за списком партії","rada","Фракція ПАРТІЇ ""БЛОК ПЕТРА ПОРОШЕНКА""","50",FALSE,40,"За політичний курс Президента"
9776,1408,"Віталій","Барвіненко","Одеська область","rada","Група ""Партія ""Відродження""","50",FALSE,40,"За політичний курс Президента"
10096,1507,"Роман","Романюк","обрано в Раду за списком партії","rada","Фракція ПАРТІЇ ""БЛОК ПЕТРА ПОРОШЕНКА""","50",FALSE,40,"За політичний курс Президента"
10204,1293,"Олексій","Ленський","обрано в Раду за списком партії","rada","Фракція Радикальної партії Олега Ляшка","50",FALSE,40,"За політичний курс Президента"
11094,1364,"Юрій","Бойко","обрано в Раду за списком партії","rada","Фракція Політичної партії ""Опозиційний блок"" у Верховній Раді України восьмого скликання","50",FALSE,40,"За політичний курс Президента"
11096,1476,"Дмитро","Шпенов","Дніпропетровська область","rada","Фракція Політичної партії ""Опозиційний блок"" у Верховній Раді України восьмого скликання","50",FALSE,40,"За політичний курс Президента"
11596,1664,"Світлана","Войцеховська","обрано в Раду за списком партії","rada","Фракція Політичної партії ""НАРОДНИЙ ФРОНТ""","50",FALSE,40,"За політичний курс Президента"
6073,1373,"Іван","Крулько","обрано в Раду за списком партії","rada","Фракція політичної партії ""Всеукраїнське об'єднання ""Батьківщина"" у Верховній Раді України","50",FALSE,40,"За політичний курс Президента"
386,1628,"Сергій","Соболєв","обрано в Раду за списком партії","rada","Фракція політичної партії ""Всеукраїнське об'єднання ""Батьківщина"" у Верховній Раді України","50",FALSE,40,"За політичний курс Президента"
2301,1668,"Костянтин","Жеваго","Полтавська область","rada","Позафракційні","50",FALSE,40,"За політичний курс Президента"
2308,1138,"Віктор","Развадовський","Житомирська область","rada","Група ""Партія ""Відродження""","50",FALSE,40,"За політичний курс Президента"
2314,1295,"Віктор","Король","обрано в Раду за списком партії","rada","Фракція ПАРТІЇ ""БЛОК ПЕТРА ПОРОШЕНКА""","50",FALSE,40,"За політичний курс Президента"
2320,1438,"Сергій","Ківалов","Одеська область","rada","Фракція Політичної партії ""Опозиційний блок"" у Верховній Раді України восьмого скликання","50",FALSE,40,"За політичний курс Президента"
2323,1284,"Микола","Мартиненко","обрано в Раду за списком партії","rada","Фракція Політичної партії ""НАРОДНИЙ ФРОНТ""","50",FALSE,40,"За політичний курс Президента"
2340,1562,"Рефат","Чубаров","обрано в Раду за списком партії","rada","Фракція ПАРТІЇ ""БЛОК ПЕТРА ПОРОШЕНКА""","50",FALSE,40,"За політичний курс Президента"
2356,1374,"Сергій","Матвієнков","Донецька область","rada","Фракція Політичної партії ""Опозиційний блок"" у Верховній Раді України восьмого скликання","50",FALSE,40,"За політичний курс Президента"
2370,1222,"Ігор","Насалик","Івано-Франківська область","rada","Фракція ПАРТІЇ ""БЛОК ПЕТРА ПОРОШЕНКА""","50",FALSE,40,"За політичний курс Президента"
2394,1698,"Мустафа","Джемілєв","обрано в Раду за списком партії","rada","Фракція ПАРТІЇ ""БЛОК ПЕТРА ПОРОШЕНКА""","50",FALSE,40,"За політичний курс Президента"
2524,1440,"Олександр","Абдуллін","обрано в Раду за списком партії","rada","Фракція політичної партії ""Всеукраїнське об'єднання ""Батьківщина"" у Верховній Раді України","50",FALSE,40,"За політичний курс Президента"
3008,1511,"Павло","Розенко","обрано в Раду за списком партії","rada","Фракція ПАРТІЇ ""БЛОК ПЕТРА ПОРОШЕНКА""","50",FALSE,40,"За політичний курс Президента"
3180,1671,"Оксана","Сироїд","обрано в Раду за списком партії","rada","Позафракційні","50",FALSE,40,"За політичний курс Президента"
2284,1314,"Андрій","Деркач","Сумська область","rada","Позафракційні","50",FALSE,40,"За політичний курс Президента"
2274,1200,"Нестор","Шуфрич","обрано в Раду за списком партії","rada","Фракція Політичної партії ""Опозиційний блок"" у Верховній Раді України восьмого скликання","50",FALSE,40,"За політичний курс Президента"
735,1551,"Олександра","Кужель","обрано в Раду за списком партії","rada","Фракція політичної партії ""Всеукраїнське об'єднання ""Батьківщина"" у Верховній Раді України","50",FALSE,40,"За політичний курс Президента"
793,1558,"Юлій","Іоффе","Луганська область","rada","Фракція Політичної партії ""Опозиційний блок"" у Верховній Раді України восьмого скликання","50",FALSE,40,"За політичний курс Президента"
833,1277,"Юхим","Звягільський","Донецька область","rada","Фракція Політичної партії ""Опозиційний блок"" у Верховній Раді України восьмого скликання","50",FALSE,40,"За політичний курс Президента"
862,1274,"Віктор","Пинзеник","обрано в Раду за списком партії","rada","Фракція ПАРТІЇ ""БЛОК ПЕТРА ПОРОШЕНКА""","50",FALSE,40,"За політичний курс Президента"
1351,1327,"Іван","Кириленко","обрано в Раду за списком партії","rada","Фракція політичної партії ""Всеукраїнське об'єднання ""Батьківщина"" у Верховній Раді України","50",FALSE,40,"За політичний курс Президента"
1792,1358,"Юлія","Тимошенко","обрано в Раду за списком партії","rada","Фракція політичної партії ""Всеукраїнське об'єднання ""Батьківщина"" у Верховній Раді України","50",FALSE,40,"За політичний курс Президента"
1897,1574,"Руслан","Князевич","обрано в Раду за списком партії","rada","Фракція ПАРТІЇ ""БЛОК ПЕТРА ПОРОШЕНКА""","50",FALSE,40,"За політичний курс Президента"
1908,1203,"Остап","Семерак","обрано в Раду за списком партії","rada","Фракція Політичної партії ""НАРОДНИЙ ФРОНТ""","50",FALSE,40,"За політичний курс Президента"
2086,1552,"Олександр","Турчинов","обрано в Раду за списком партії","rada","Фракція Політичної партії ""НАРОДНИЙ ФРОНТ""","50",FALSE,40,"За політичний курс Президента"
2155,1201,"В'ячеслав","Кириленко","обрано в Раду за списком партії","rada","Фракція Політичної партії ""НАРОДНИЙ ФРОНТ""","50",FALSE,40,"За політичний курс Президента"
2179,1217,"Сергій","Ларін","обрано в Раду за списком партії","rada","Фракція Політичної партії ""Опозиційний блок"" у Верховній Раді України восьмого скликання","50",FALSE,40,"За політичний курс Президента"
2262,1220,"Анатолій","Матвієнко","обрано в Раду за списком партії","rada","Фракція ПАРТІЇ ""БЛОК ПЕТРА ПОРОШЕНКА""","50",FALSE,40,"За політичний курс Президента"
3471,1663,"Олександр","Біловол","Харківська область","rada","Група ""Партія ""Відродження""","50",FALSE,40,"За політичний курс Президента"
3849,1361,"Тетяна","Донець","обрано в Раду за списком партії","rada","Фракція Політичної партії ""НАРОДНИЙ ФРОНТ""","50",FALSE,40,"За політичний курс Президента"
4132,1493,"Юрій","Луценко","обрано в Раду за списком партії","rada","Фракція ПАРТІЇ ""БЛОК ПЕТРА ПОРОШЕНКА""","50",FALSE,40,"За політичний курс Президента"
5503,1234,"Оксана","Білозір","обрано в Раду за списком партії","rada","Фракція ПАРТІЇ ""БЛОК ПЕТРА ПОРОШЕНКА""","50",FALSE,40,"За політичний курс Президента"
5504,1502,"Олександр","Третьяков","м. Київ","rada","Фракція ПАРТІЇ ""БЛОК ПЕТРА ПОРОШЕНКА""","50",FALSE,40,"За політичний курс Президента"
5509,1179,"Ігор","Єремеєв","Волинська область","rada","Група ""Воля народу""","50",FALSE,40,"За політичний курс Президента"
5520,1538,"Тетяна","Бахтеєва","обрано в Раду за списком партії","rada","Фракція Політичної партії ""Опозиційний блок"" у Верховній Раді України восьмого скликання","50",FALSE,40,"За політичний курс Президента"
5541,1681,"Дмитро","Святаш","Харківська область","rada","Група ""Партія ""Відродження""","50",FALSE,40,"За політичний курс Президента"
5542,1486,"Олександр","Фельдман","Харківська область","rada","Група ""Воля народу""","50",FALSE,40,"За політичний курс Президента"
5549,1246,"Віталій","Хомутиннік","Харківська область","rada","Група ""Партія ""Відродження""","50",FALSE,40,"За політичний курс Президента"
5566,1176,"Віктор","Балога","Закарпатська область","rada","Позафракційні","50",FALSE,40,"За політичний курс Президента"
5578,1635,"Михайло","Добкін","обрано в Раду за списком партії","rada","Фракція Політичної партії ""Опозиційний блок"" у Верховній Раді України восьмого скликання","50",FALSE,40,"За політичний курс Президента"
5582,1276,"Петро","Сабашук","Запорізька область","rada","Фракція ПАРТІЇ ""БЛОК ПЕТРА ПОРОШЕНКА""","50",FALSE,40,"За політичний курс Президента"
5584,1515,"Владислав","Атрошенко","Чернігівська область","rada","Позафракційні","50",FALSE,40,"За політичний курс Президента"
5606,1235,"Анатолій","Гіршфельд","Харківська область","rada","Група ""Воля народу""","50",FALSE,40,"За політичний курс Президента"
5500,1581,"Едуард","Матвійчук","Одеська область","rada","Позафракційні","50",FALSE,40,"За політичний курс Президента"
5486,1332,"Борис","Тарасюк","обрано в Раду за списком партії","rada","Фракція політичної партії ""Всеукраїнське об'єднання ""Батьківщина"" у Верховній Раді України","50",FALSE,40,"За політичний курс Президента"
4339,1482,"Антон","Яценко","Черкаська область","rada","Група ""Партія ""Відродження""","50",FALSE,40,"За політичний курс Президента"
4427,1368,"Валерій","Бабенко","обрано в Раду за списком партії","rada","Фракція Політичної партії ""НАРОДНИЙ ФРОНТ""","50",FALSE,40,"За політичний курс Президента"
4761,1170,"Леонід","Ємець","м. Київ","rada","Фракція Політичної партії ""НАРОДНИЙ ФРОНТ""","50",FALSE,40,"За політичний курс Президента"
5142,1338,"Валерій","Карпунцов","обрано в Раду за списком партії","rada","Фракція ПАРТІЇ ""БЛОК ПЕТРА ПОРОШЕНКА""","50",FALSE,40,"За політичний курс Президента"
5380,1660,"Юрій","Павленко","обрано в Раду за списком партії","rada","Фракція Політичної партії ""Опозиційний блок"" у Верховній Раді України восьмого скликання","50",FALSE,40,"За політичний курс Президента"
5399,1280,"Ігор","Шкіря","Донецька область","rada","Група ""Партія ""Відродження""","50",FALSE,40,"За політичний курс Президента"
5414,1706,"Ігор","Гринів","обрано в Раду за списком партії","rada","Фракція ПАРТІЇ ""БЛОК ПЕТРА ПОРОШЕНКА""","50",FALSE,40,"За політичний курс Президента"
5415,1560,"Микола","Томенко","обрано в Раду за списком партії","rada","Позафракційні","50",FALSE,40,"За політичний курс Президента"
5422,1652,"Михайло","Поплавський","Кіровоградська область","rada","Група ""Воля народу""","50",FALSE,40,"За політичний курс Президента"
5423,1378,"Леонід","Клімов","Одеська область","rada","Група ""Партія ""Відродження""","50",FALSE,40,"За політичний курс Президента"
5464,1256,"Михайло","Папієв","обрано в Раду за списком партії","rada","Фракція Політичної партії ""Опозиційний блок"" у Верховній Раді України восьмого скликання","50",FALSE,40,"За політичний курс Президента"
5470,1465,"Володимир","Литвин","Житомирська область","rada","Група ""Воля народу""","50",FALSE,40,"За політичний курс Президента"
5785,1449,"Андрій","Шипко","Дніпропетровська область","rada","Група ""Партія ""Відродження""","50",FALSE,40,"За політичний курс Президента"
15762,1620,"Євген","Балицький","Запорізька область","rada","Фракція Політичної партії ""Опозиційний блок"" у Верховній Раді України восьмого скликання","50",FALSE,40,"За політичний курс Президента"
15801,1335,"Сергій","Каплін","Полтавська область","rada","Фракція ПАРТІЇ ""БЛОК ПЕТРА ПОРОШЕНКА""","50",FALSE,40,"За політичний курс Президента"
15802,1305,"Юрій","Бублик","Полтавська область","rada","Позафракційні","50",FALSE,40,"За політичний курс Президента"
15803,1444,"Юрій","Шаповалов","Полтавська область","rada","Група ""Партія ""Відродження""","50",FALSE,40,"За політичний курс Президента"
15804,1586,"Олег","Кулініч","Полтавська область","rada","Група ""Партія ""Відродження""","50",FALSE,40,"За політичний курс Президента"
15805,1439,"Тарас","Кутовий","Полтавська область","rada","Фракція ПАРТІЇ ""БЛОК ПЕТРА ПОРОШЕНКА""","50",FALSE,40,"За політичний курс Президента"
15806,1641,"Олег","Осуховський","Рівненська область","rada","Позафракційні","50",FALSE,40,"За політичний курс Президента"
15807,1445,"Юрій","Вознюк","Рівненська область","rada","Фракція Політичної партії ""НАРОДНИЙ ФРОНТ""","50",FALSE,40,"За політичний курс Президента"
15810,1401,"Ігор","Молоток","Сумська область","rada","Група ""Воля народу""","50",FALSE,40,"За політичний курс Президента"
15813,1629,"Михайло","Головко","Тернопільська область","rada","Позафракційні","50",FALSE,40,"За політичний курс Президента"
15814,1232,"Володимир","Мисик","Харківська область","rada","Група ""Партія ""Відродження""","50",FALSE,40,"За політичний курс Президента"
15815,1432,"Анатолій","Денисенко","Харківська область","rada","Позафракційні","50",FALSE,40,"За політичний курс Президента"
15816,1417,"Володимир","Кацуба","Харківська область","rada","Група ""Партія ""Відродження""","50",FALSE,40,"За політичний курс Президента"
15800,1156,"Олександр","Пресман","Одеська область","rada","Група ""Партія ""Відродження""","50",FALSE,40,"За політичний курс Президента"
15799,1247,"Іван","Фурсін","Одеська область","rada","Група ""Воля народу""","50",FALSE,40,"За політичний курс Президента"
15767,1582,"Анатолій","Дирів","Івано-Франківська область","rada","Фракція Політичної партії ""НАРОДНИЙ ФРОНТ""","50",FALSE,40,"За політичний курс Президента"
15768,1309,"Юрій","Дерев'янко","Івано-Франківська область","rada","Позафракційні","50",FALSE,40,"За політичний курс Президента"
15769,1593,"Руслан","Сольвар","Київська область","rada","Фракція ПАРТІЇ ""БЛОК ПЕТРА ПОРОШЕНКА""","50",FALSE,40,"За політичний курс Президента"
15771,1260,"Олександр","Онищенко","Київська область","rada","Група ""Воля народу""","50",FALSE,40,"За політичний курс Президента"
15773,1509,"Ярослав","Москаленко","Київська область","rada","Група ""Воля народу""","50",FALSE,40,"За політичний курс Президента"
15774,1227,"Павло","Різаненко","Київська область","rada","Фракція ПАРТІЇ ""БЛОК ПЕТРА ПОРОШЕНКА""","50",FALSE,40,"За політичний курс Президента"
15780,1456,"Сергій","Дунаєв","Луганська область","rada","Фракція Політичної партії ""Опозиційний блок"" у Верховній Раді України восьмого скликання","50",FALSE,40,"За політичний курс Президента"
15785,1271,"Михайло","Хміль","обрано в Раду за списком партії","rada","Фракція Політичної партії ""НАРОДНИЙ ФРОНТ""","50",FALSE,40,"За політичний курс Президента"
15787,1419,"Ігор","Васюник","обрано в Раду за списком партії","rada","Фракція Політичної партії ""НАРОДНИЙ ФРОНТ""","50",FALSE,40,"За політичний курс Президента"
15790,1218,"Ярослав","Дубневич","Львівська область","rada","Фракція ПАРТІЇ ""БЛОК ПЕТРА ПОРОШЕНКА""","50",FALSE,40,"За політичний курс Президента"
15794,1150,"Артем","Ільюк","Миколаївська область","rada","Група ""Партія ""Відродження""","50",FALSE,40,"За політичний курс Президента"
15796,1258,"Ігор","Бриченко","обрано в Раду за списком партії","rada","Фракція Політичної партії ""НАРОДНИЙ ФРОНТ""","50",FALSE,40,"За політичний курс Президента"
15817,1184,"Віктор","Остапчук","Харківська область","rada","Група ""Партія ""Відродження""","50",FALSE,40,"За політичний курс Президента"
15818,1328,"Дмитро","Добкін","Харківська область","rada","Фракція Політичної партії ""Опозиційний блок"" у Верховній Раді України восьмого скликання","50",FALSE,40,"За політичний курс Президента"
15819,1580,"Євгеній","Мураєв","Харківська область","rada","Позафракційні","50",FALSE,40,"За політичний курс Президента"
15916,1430,"Андрій","Лозовой","обрано в Раду за списком партії","rada","Фракція Радикальної партії Олега Ляшка","50",FALSE,40,"За політичний курс Президента"
15953,1630,"Андрій","Гордєєв","Херсонська область","rada","Фракція ПАРТІЇ ""БЛОК ПЕТРА ПОРОШЕНКА""","50",FALSE,40,"За політичний курс Президента"
15972,1612,"Давид","Макар'ян","обрано в Раду за списком партії","rada","Фракція ПАРТІЇ ""БЛОК ПЕТРА ПОРОШЕНКА""","50",FALSE,40,"За політичний курс Президента"
16067,1633,"Ігор","Алексєєв","обрано в Раду за списком партії","rada","Фракція Політичної партії ""НАРОДНИЙ ФРОНТ""","50",FALSE,40,"За політичний курс Президента"
16340,1205,"Дмитро","Білоцерковець","обрано в Раду за списком партії","rada","Фракція ПАРТІЇ ""БЛОК ПЕТРА ПОРОШЕНКА""","50",FALSE,40,"За політичний курс Президента"
16430,1499,"Сергій","Рудик","Черкаська область","rada","Фракція ПАРТІЇ ""БЛОК ПЕТРА ПОРОШЕНКА""","50",FALSE,40,"За політичний курс Президента"
16517,1387,"Олег","Мусій","Львівська область","rada","Позафракційні","50",FALSE,40,"За політичний курс Президента"
16532,1363,"Альона","Шкрум","обрано в Раду за списком партії","rada","Фракція політичної партії ""Всеукраїнське об'єднання ""Батьківщина"" у Верховній Раді України","50",FALSE,40,"За політичний курс Президента"
16618,1591,"Микола","Кадикало","обрано в Раду за списком партії","rada","Фракція Політичної партії ""НАРОДНИЙ ФРОНТ""","50",FALSE,40,"За політичний курс Президента"
16672,1685,"Юрій","Левченко","м. Київ","rada","Позафракційні","50",FALSE,40,"За політичний курс Президента"
16698,1716,"Олена","Бойко","обрано в Раду за списком партії","rada","Фракція Політичної партії ""НАРОДНИЙ ФРОНТ""","50",FALSE,40,"За політичний курс Президента"
16716,1322,"Ірина","Єфремова","обрано в Раду за списком партії","rada","Фракція Політичної партії ""НАРОДНИЙ ФРОНТ""","50",FALSE,40,"За політичний курс Президента"
15901,1348,"Геннадій","Кривошея","обрано в Раду за списком партії","rada","Фракція Політичної партії ""НАРОДНИЙ ФРОНТ""","50",FALSE,40,"За політичний курс Президента"
15840,1708,"Сергій","Куніцин","обрано в Раду за списком партії","rada","Фракція ПАРТІЇ ""БЛОК ПЕТРА ПОРОШЕНКА""","50",FALSE,40,"За політичний курс Президента"
15823,1270,"Федір","Негой","Херсонська область","rada","Фракція ПАРТІЇ ""БЛОК ПЕТРА ПОРОШЕНКА""","50",FALSE,40,"За політичний курс Президента"
15824,1703,"Сергій","Лабазюк","Хмельницька область","rada","Група ""Воля народу""","50",FALSE,40,"За політичний курс Президента"
15826,1658,"Віктор","Бондар","Хмельницька область","rada","Група ""Партія ""Відродження""","50",FALSE,40,"За політичний курс Президента"
15827,1468,"Олександр","Герега","Хмельницька область","rada","Позафракційні","50",FALSE,40,"За політичний курс Президента"
15828,1297,"Володимир","Мельниченко","Хмельницька область","rada","Фракція ПАРТІЇ ""БЛОК ПЕТРА ПОРОШЕНКА""","50",FALSE,40,"За політичний курс Президента"
15829,1689,"Геннадій","Бобов","Черкаська область","rada","Група ""Партія ""Відродження""","50",FALSE,40,"За політичний курс Президента"
15830,1383,"Валентин","Ничипоренко","Черкаська область","rada","Група ""Партія ""Відродження""","50",FALSE,40,"За політичний курс Президента"
15831,1326,"Микола","Федорук","Чернівецька область","rada","Фракція Політичної партії ""НАРОДНИЙ ФРОНТ""","50",FALSE,40,"За політичний курс Президента"
15836,1224,"Віктор","Чумак","м. Київ","rada","Позафракційні","50",FALSE,40,"За політичний курс Президента"
15837,1243,"Андрій","Іллєнко","м. Київ","rada","Позафракційні","50",FALSE,40,"За політичний курс Президента"
15838,1713,"Олександр","Бригинець","обрано в Раду за списком партії","rada","Фракція ПАРТІЇ ""БЛОК ПЕТРА ПОРОШЕНКА""","50",FALSE,40,"За політичний курс Президента"
15839,1323,"Дмитро","Андрієвський","м. Київ","rada","Фракція ПАРТІЇ ""БЛОК ПЕТРА ПОРОШЕНКА""","50",FALSE,40,"За політичний курс Президента"
17047,1398,"Єгор","Фірсов","обрано в Раду за списком партії","rada","Позафракційні","50",FALSE,40,"За політичний курс Президента"
15761,1252,"Володимир","Бандуров","Запорізька область","rada","Група ""Воля народу""","50",FALSE,40,"За політичний курс Президента"
11620,1709,"Олександр","Присяжнюк","обрано в Раду за списком партії","rada","Фракція Політичної партії ""НАРОДНИЙ ФРОНТ""","50",FALSE,40,"За політичний курс Президента"
14674,1147,"Ігор","Гузь","Волинська область","rada","Фракція Політичної партії ""НАРОДНИЙ ФРОНТ""","50",FALSE,40,"За політичний курс Президента"
15257,1725,"Владислав","Бухарєв","Сумська область","rada","Фракція політичної партії ""Всеукраїнське об'єднання ""Батьківщина"" у Верховній Раді України","50",FALSE,40,"За політичний курс Президента"
15309,1506,"Олександр","Кодола","Чернігівська область","rada","Фракція Політичної партії ""НАРОДНИЙ ФРОНТ""","50",FALSE,40,"За політичний курс Президента"
15644,1216,"Олександр","Долженков","обрано в Раду за списком партії","rada","Фракція Політичної партії ""Опозиційний блок"" у Верховній Раді України восьмого скликання","50",FALSE,40,"За політичний курс Президента"
15645,1294,"Микола","Княжицький","обрано в Раду за списком партії","rada","Фракція Політичної партії ""НАРОДНИЙ ФРОНТ""","50",FALSE,40,"За політичний курс Президента"
15646,1458,"Лілія","Гриневич","обрано в Раду за списком партії","rada","Фракція Політичної партії ""НАРОДНИЙ ФРОНТ""","50",FALSE,40,"За політичний курс Президента"
15647,1208,"Ірина","Луценко","обрано в Раду за списком партії","rada","Фракція ПАРТІЇ ""БЛОК ПЕТРА ПОРОШЕНКА""","50",FALSE,40,"За політичний курс Президента"
15649,1371,"Степан","Кубів","обрано в Раду за списком партії","rada","Фракція ПАРТІЇ ""БЛОК ПЕТРА ПОРОШЕНКА""","50",FALSE,40,"За політичний курс Президента"
15650,1289,"Арсен","Аваков","обрано в Раду за списком партії","rada","Фракція Політичної партії ""НАРОДНИЙ ФРОНТ""","50",FALSE,40,"За політичний курс Президента"
15651,1362,"Андрій","Павелко","обрано в Раду за списком партії","rada","Фракція ПАРТІЇ ""БЛОК ПЕТРА ПОРОШЕНКА""","50",FALSE,40,"За політичний курс Президента"
15652,1132,"Денис","Дзензерський","обрано в Раду за списком партії","rada","Фракція Політичної партії ""НАРОДНИЙ ФРОНТ""","50",FALSE,40,"За політичний курс Президента"
15653,1697,"Сергій","Фаєрмарк","обрано в Раду за списком партії","rada","Фракція Політичної партії ""НАРОДНИЙ ФРОНТ""","50",FALSE,40,"За політичний курс Президента"
14393,1615,"Станіслав","Березкін","Кіровоградська область","rada","Група ""Партія ""Відродження""","50",FALSE,40,"За політичний курс Президента"
13694,1590,"Андрій","Кісельов","обрано в Раду за списком партії","rada","Фракція Політичної партії ""Опозиційний блок"" у Верховній Раді України восьмого скликання","50",FALSE,40,"За політичний курс Президента"
11694,1433,"Андрій","Левус","обрано в Раду за списком партії","rada","Фракція Політичної партії ""НАРОДНИЙ ФРОНТ""","50",FALSE,40,"За політичний курс Президента"
11728,1549,"Сергій","Євтушок","Рівненська область","rada","Фракція політичної партії ""Всеукраїнське об'єднання ""Батьківщина"" у Верховній Раді України","50",FALSE,40,"За політичний курс Президента"
11999,1146,"Ірина","Суслова","обрано в Раду за списком партії","rada","Фракція ПАРТІЇ ""БЛОК ПЕТРА ПОРОШЕНКА""","50",FALSE,40,"За політичний курс Президента"
12003,1165,"Олег","Медуниця","Сумська область","rada","Фракція Політичної партії ""НАРОДНИЙ ФРОНТ""","50",FALSE,40,"За політичний курс Президента"
12265,1347,"Сергій","Власенко","обрано в Раду за списком партії","rada","Фракція політичної партії ""Всеукраїнське об'єднання ""Батьківщина"" у Верховній Раді України","50",FALSE,40,"За політичний курс Президента"
12270,1537,"Олександр","Сочка","обрано в Раду за списком партії","rada","Фракція Політичної партії ""НАРОДНИЙ ФРОНТ""","50",FALSE,40,"За політичний курс Президента"
12272,1571,"Валерій","Дубіль","обрано в Раду за списком партії","rada","Фракція політичної партії ""Всеукраїнське об'єднання ""Батьківщина"" у Верховній Раді України","50",FALSE,40,"За політичний курс Президента"
12290,1594,"Василь","Амельченко","обрано в Раду за списком партії","rada","Фракція Радикальної партії Олега Ляшка","50",FALSE,40,"За політичний курс Президента"
12455,1249,"Олексій","Кириченко","обрано в Раду за списком партії","rada","Фракція Радикальної партії Олега Ляшка","50",FALSE,40,"За політичний курс Президента"
13379,1171,"Наталія","Новак","обрано в Раду за списком партії","rada","Фракція ПАРТІЇ ""БЛОК ПЕТРА ПОРОШЕНКА""","50",FALSE,40,"За політичний курс Президента"
13562,1494,"Денис","Омельянович","Донецька область","rada","Фракція Політичної партії ""Опозиційний блок"" у Верховній Раді України восьмого скликання","50",FALSE,40,"За політичний курс Президента"
13646,1404,"Максим","Курячий","Дніпропетровська область","rada","Фракція ПАРТІЇ ""БЛОК ПЕТРА ПОРОШЕНКА""","50",FALSE,40,"За політичний курс Президента"
15654,1496,"Андрій","Іванчук","обрано в Раду за списком партії","rada","Фракція Політичної партії ""НАРОДНИЙ ФРОНТ""","50",FALSE,40,"За політичний курс Президента"
15655,1712,"Максим","Бурбак","Чернівецька область","rada","Фракція Політичної партії ""НАРОДНИЙ ФРОНТ""","50",FALSE,40,"За політичний курс Президента"
15657,1350,"Павло","Петренко","обрано в Раду за списком партії","rada","Фракція Політичної партії ""НАРОДНИЙ ФРОНТ""","50",FALSE,40,"За політичний курс Президента"
15685,1564,"Валерій","Іщенко","обрано в Раду за списком партії","rada","Фракція ПАРТІЇ ""БЛОК ПЕТРА ПОРОШЕНКА""","50",FALSE,40,"За політичний курс Президента"
15687,1721,"Ростислав","Павленко","обрано в Раду за списком партії","rada","Фракція ПАРТІЇ ""БЛОК ПЕТРА ПОРОШЕНКА""","50",FALSE,40,"За політичний курс Президента"
15725,1524,"Олександр","Нечаєв","обрано в Раду за списком партії","rada","Фракція Політичної партії ""Опозиційний блок"" у Верховній Раді України восьмого скликання","50",FALSE,40,"За політичний курс Президента"
15727,1573,"Олександр","Домбровський","Вінницька область","rada","Фракція ПАРТІЇ ""БЛОК ПЕТРА ПОРОШЕНКА""","50",FALSE,40,"За політичний курс Президента"
15730,1503,"Григорій","Заболотний","обрано в Раду за списком партії","rada","Фракція ПАРТІЇ ""БЛОК ПЕТРА ПОРОШЕНКА""","50",FALSE,40,"За політичний курс Президента"
15732,1539,"Сергій","Мартиняк","Волинська область","rada","Група ""Воля народу""","50",FALSE,40,"За політичний курс Президента"
15733,1272,"Степан","Івахів","Волинська область","rada","Група ""Воля народу""","50",FALSE,40,"За політичний курс Президента"
15734,1380,"Яків","Безбах","Дніпропетровська область","rada","Позафракційні","50",FALSE,40,"За політичний курс Президента"
15741,1239,"Костянтин","Павлов","Дніпропетровська область","rada","Фракція Політичної партії ""Опозиційний блок"" у Верховній Раді України восьмого скликання","50",FALSE,40,"За політичний курс Президента"
15744,1550,"Артур","Мартовицький","Дніпропетровська область","rada","Фракція Політичної партії ""Опозиційний блок"" у Верховній Раді України восьмого скликання","50",FALSE,40,"За політичний курс Президента"
15756,1464,"Михайло","Ланьо","Закарпатська область","rada","Група ""Партія ""Відродження""","50",FALSE,40,"За політичний курс Президента"
15757,1501,"Павло","Балога","Закарпатська область","rada","Позафракційні","50",FALSE,40,"За політичний курс Президента"
15684,1675,"Ольга","Бєлькова","обрано в Раду за списком партії","rada","Фракція ПАРТІЇ ""БЛОК ПЕТРА ПОРОШЕНКА""","50",FALSE,40,"За політичний курс Президента"
15681,1365,"Юрій","Савчук","обрано в Раду за списком партії","rada","Фракція Політичної партії ""НАРОДНИЙ ФРОНТ""","50",FALSE,40,"За політичний курс Президента"
15658,1678,"Володимир","Шкварилюк","обрано в Раду за списком партії","rada","Фракція Політичної партії ""НАРОДНИЙ ФРОНТ""","50",FALSE,40,"За політичний курс Президента"
15662,1181,"Валерій","Лунченко","обрано в Раду за списком партії","rada","Фракція Політичної партії ""НАРОДНИЙ ФРОНТ""","50",FALSE,40,"За політичний курс Президента"
15665,1672,"Марія","Матіос","обрано в Раду за списком партії","rada","Фракція ПАРТІЇ ""БЛОК ПЕТРА ПОРОШЕНКА""","50",FALSE,40,"За політичний курс Президента"
15667,1459,"Оксана","Продан","обрано в Раду за списком партії","rada","Фракція ПАРТІЇ ""БЛОК ПЕТРА ПОРОШЕНКА""","50",FALSE,40,"За політичний курс Президента"
15668,1355,"Віталій","Ковальчук","обрано в Раду за списком партії","rada","Фракція ПАРТІЇ ""БЛОК ПЕТРА ПОРОШЕНКА""","50",FALSE,40,"За політичний курс Президента"
15669,1310,"Наталія","Агафонова","обрано в Раду за списком партії","rada","Фракція ПАРТІЇ ""БЛОК ПЕТРА ПОРОШЕНКА""","50",FALSE,40,"За політичний курс Президента"
15670,1534,"Артур","Палатний","обрано в Раду за списком партії","rada","Фракція ПАРТІЇ ""БЛОК ПЕТРА ПОРОШЕНКА""","50",FALSE,40,"За політичний курс Президента"
15671,1715,"Микола","Паламарчук","обрано в Раду за списком партії","rada","Фракція ПАРТІЇ ""БЛОК ПЕТРА ПОРОШЕНКА""","50",FALSE,40,"За політичний курс Президента"
15672,1694,"Марія","Іонова","обрано в Раду за списком партії","rada","Фракція ПАРТІЇ ""БЛОК ПЕТРА ПОРОШЕНКА""","50",FALSE,40,"За політичний курс Президента"
15674,1204,"Валерій","Пацкан","обрано в Раду за списком партії","rada","Фракція ПАРТІЇ ""БЛОК ПЕТРА ПОРОШЕНКА""","50",FALSE,40,"За політичний курс Президента"
15676,1435,"Геннадій","Ткачук","обрано в Раду за списком партії","rada","Фракція ПАРТІЇ ""БЛОК ПЕТРА ПОРОШЕНКА""","50",FALSE,40,"За політичний курс Президента"
15680,1673,"Ігор","Побер","обрано в Раду за списком партії","rada","Фракція ПАРТІЇ ""БЛОК ПЕТРА ПОРОШЕНКА""","50",FALSE,40,"За політичний курс Президента"
15760,1390,"Олександр","Пономарьов","Запорізька область","rada","Група ""Воля народу""","50",FALSE,40,"За політичний курс Президента"
