"division.id","division.house","division.name","division.date","division.number","division.clock_time","division.aye_votes","division.no_votes","division.possible_turnout","division.rebellions","division.edited","vote","strong","policy_id","policy_name"
570,"rada","Поіменне голосування  про проект Закону про ратифікацію Угоди між Україною та Європейським Союзом щодо статусу Консультативної місії Європейського Союзу з реформування сектору цивільної безпеки України (КМЄС в Україні) (№0003) - за основу та в цілому","2015-02-04",570,"11:00",272,0,423,46,TRUE,"aye",TRUE,40,"За політичний курс Президента"
1367,"rada","Поіменне голосування  про проект Закону про ратифікацію Протоколу прикордонного знака ""ТУР"", який встановлено для позначення точки стику державних кордонів України, Румунії і Угорщини (№0008) - за основу та в цілому","2015-04-08",1367,"10:55",286,0,424,62,TRUE,"aye",TRUE,40,"За політичний курс Президента"
1369,"rada","Поіменне голосування  про проект Закону про ратифікацію Листа про внесення змін до Фінансової угоди (Проект будівництва високовольтної повітряної лінії 750 кВ Рівненська АЕС - Київська) між Україною та Європейським інвестиційним банком (№0009) - за основу та в цілому","2015-04-08",1369,"11:00",279,0,424,70,TRUE,"aye",TRUE,40,"За політичний курс Президента"
1591,"rada","Поіменне голосування  про проект Закону про ратифікацію Фінансової угоди між Україною та Європейським інвестиційним банком (Проект ""Надзвичайна кредитна програма для відновлення України"") (№0014) - за основу та в цілому","2015-04-22",1591,"10:50",263,0,424,54,TRUE,"aye",TRUE,40,"За політичний курс Президента"
2425,"rada","Поіменне голосування  про проект Закону про ратифікацію Угоди між Україною та Японією про сприяння та захист інвестицій (№0020) - в цілому","2015-06-03",2425,"13:22",289,0,424,23,TRUE,"aye",TRUE,40,"За політичний курс Президента"
2450,"rada","Поіменне голосування  про проект Закону про ратифікацію Меморандуму про взаєморозуміння між Україною та Європейським поліцейським офісом щодо встановлення захищеної лінії зв'язку (№0025) - в цілому","2015-06-04",2450,"10:43",294,0,423,56,TRUE,"aye",TRUE,40,"За політичний курс Президента"
2605,"rada","Поіменне голосування  про проект Закону про приєднання України до Міжнародної конвенції про захист усіх осіб від насильницьких зникнень (№0030) - в цілому","2015-06-17",2605,"10:54",265,0,424,72,TRUE,"aye",TRUE,40,"За політичний курс Президента"
2661,"rada","Поіменне голосування  про проект Закону про ратифікацію Меморандуму про взаєморозуміння між Україною як Позичальником та Європейським Союзом як Кредитором і Кредитної угоди між Україною як Позичальником, Національним банком України як Фінансовим агентом Позичальника та Європейським Союзом як Кредитором (щодо отримання Україною макрофінансової допомоги Європейського Союзу у сумі до 1 мільярда 800 мільйонів євро) (№0031) - в цілому","2015-06-18",2661,"12:04",310,0,425,63,TRUE,"aye",TRUE,40,"За політичний курс Президента"
2873,"rada","Поіменне голосування  про проект Закону про ратифікацію Протоколу про стратегічну екологічну оцінку до Конвенції про оцінку впливу на навколишнє середовище у транскордонному контексті (№0032) - в цілому","2015-07-01",2873,"10:51",279,0,425,71,TRUE,"aye",TRUE,40,"За політичний курс Президента"
3209,"rada","Поіменне голосування  про проект Закону про ратифікацію Угоди про правовий статус Регіонального екологічного центру для Центральної та Східної Європи (№0037) - в цілому","2015-07-15",3209,"10:59",250,0,425,68,TRUE,"aye",TRUE,40,"За політичний курс Президента"
3211,"rada","Поіменне голосування  про проект Закону про ратифікацію Угоди (у формі обміну нотами) між Україною та Королівством Нідерланди про продовження до 1 серпня 2016 року строку дії Угоди між Україною та Королівством Нідерланди про Міжнародну місію захисту розслідування від 28 липня 2014 року (№0038) - в цілому","2015-07-15",3211,"11:04",261,0,425,70,TRUE,"aye",TRUE,40,"За політичний курс Президента"
3213,"rada","Поіменне голосування  про проект Закону про ратифікацію Фінансової угоди (Проект ""Основний кредит для малих та середніх підприємств та компаній з середнім рівнем капіталізації"") між Україною та Європейським інвестиційним банком (№0039) - в цілому","2015-07-15",3213,"11:11",260,0,425,67,TRUE,"aye",TRUE,40,"За політичний курс Президента"
3215,"rada","Поіменне голосування  про проект Закону про ратифікацію Угоди (у формі обміну нотами) між Україною та Європейським Союзом про відновлення дії Угоди між Україною та Європейським Співтовариством про наукове і технологічне співробітництво (№0040) - в цілому","2015-07-15",3215,"11:16",255,0,425,73,TRUE,"aye",TRUE,40,"За політичний курс Президента"
3217,"rada","Поіменне голосування  про проект Закону про ратифікацію Фінансової угоди (Газопровід Уренгой - Помари - Ужгород (Проект ""Реконструкція, капітальний ремонт та технічне переоснащення магістрального газопроводу Уренгой - Помари - Ужгород"") між Україною та Європейським інвестиційним банком (№0041) - в цілому","2015-07-15",3217,"11:22",254,0,425,69,TRUE,"aye",TRUE,40,"За політичний курс Президента"
3219,"rada","Поіменне голосування  про проект Закону про ратифікацію Угоди між Україною і Європейським Союзом про участь України у програмі Європейського Союзу Горизонт 2020 - Рамкова програма з досліджень та інновацій (2014-2020) (№0044) - в цілому","2015-07-15",3219,"11:27",254,0,425,72,TRUE,"aye",TRUE,40,"За політичний курс Президента"
3483,"rada","Поіменне голосування  про проект Закону про ратифікацію Договору між Україною та Республікою Сенегал про видачу правопорушників (№0045) - в цілому","2015-09-02",3483,"11:21",256,0,419,70,TRUE,"aye",TRUE,40,"За політичний курс Президента"
3485,"rada","Поіменне голосування  про проект Закону про ратифікацію Договору між Україною і Республікою Сенегал про правову допомогу у цивільних та кримінальних справах (№0046) - в цілому","2015-09-02",3485,"11:23",251,0,419,72,TRUE,"aye",TRUE,40,"За політичний курс Президента"
3486,"rada","Поіменне голосування  про проект Закону про ратифікацію Договору між Україною та Республікою Сенегал про передачу засуджених осіб (№0047) - в цілому","2015-09-02",3486,"11:24",247,0,419,77,TRUE,"aye",TRUE,40,"За політичний курс Президента"
3221,"rada","Поіменне голосування  про проект Закону про ратифікацію Меморандуму про спільні наміри Уряду України та Уряду Федеративної Республіки Німеччина стосовно незв'язаного фінансового кредиту загальним розміром 500 млн євро (№0048) - в цілому","2015-07-15",3221,"11:32",266,0,425,59,TRUE,"aye",TRUE,40,"За політичний курс Президента"
3767,"rada","Поіменне голосування  про проект Закону про ратифікацію Договору про дружні відносини і співробітництво між Україною та Республікою Парагвай (№0053) - в цілому","2015-09-16",3767,"11:01",249,0,425,40,TRUE,"aye",TRUE,40,"За політичний курс Президента"
3769,"rada","Поіменне голосування  про проект Закону про ратифікацію Конвенції Міжнародної організації праці про основні цілі та норми соціальної політики № 117 (№0055) - в цілому","2015-09-16",3769,"11:11",237,0,425,58,TRUE,"aye",TRUE,40,"За політичний курс Президента"
3773,"rada","Поіменне голосування  про проект Закону про ратифікацію Угоди між Україною та Королівством Іспанія про здійснення оплачуваних видів діяльності членами сімей, які перебувають на утриманні дипломатичного, консульського, адміністративного і технічного персоналу дипломатичних представництв та консульських установ (№0058) - в цілому","2015-09-16",3773,"11:19",235,0,425,64,TRUE,"aye",TRUE,40,"За політичний курс Президента"
3963,"rada","Поіменне голосування  про проект Закону про приєднання України до Міжнародного центру вивчення питань збереження та відновлення культурних цінностей (№0061) - в цілому","2015-10-07",3963,"11:23",258,0,427,60,TRUE,"aye",TRUE,40,"За політичний курс Президента"
3965,"rada","Поіменне голосування  про проект Закону про прийняття Поправок до статей 25 і 26 Конвенції про охорону та використання транскордонних водотоків та міжнародних озер (№0062) - в цілому","2015-10-07",3965,"11:30",265,0,427,60,TRUE,"aye",TRUE,40,"За політичний курс Президента"
4203,"rada","Поіменне голосування  про проект Закону про ратифікацію Протоколу про внесення змін до Марракеської угоди про заснування Світової організації торгівлі (№0069) - в цілому","2015-11-04",4203,"10:50",255,1,427,57,TRUE,"aye",TRUE,40,"За політичний курс Президента"
5447,"rada","Поіменне голосування  про проект Закону про ратифікацію Угоди (у формі обміну нотами) між Україною та Малайзією про продовження дії Угоди між Україною та Малайзією про направлення Малайзійського персоналу до України у зв'язку з падінням літака ""Malaysian Airlines"" рейсу MH17 від 1 серпня 2014 року (№0070) - за основу та в цілому","2015-12-25",5447,"04:09",247,0,426,39,TRUE,"aye",TRUE,40,"За політичний курс Президента"
5631,"rada","Поіменне голосування  про проект Закону про ратифікацію Угоди між Україною та Королівством Іспанія про взаємну охорону інформації з обмеженим доступом (№0072) - в цілому","2016-01-27",5631,"11:02",239,0,427,80,TRUE,"aye",TRUE,40,"За політичний курс Президента"
5837,"rada","Поіменне голосування  про проект Закону про ратифікацію Фінансової угоди (проект ""Програма розвитку муніципальної інфраструктури України"") між Україною та Європейським інвестиційним банком (№0075) - в цілому","2016-02-03",5837,"11:07",261,0,426,76,TRUE,"aye",TRUE,40,"За політичний курс Президента"
5859,"rada","Поіменне голосування  про проект Закону про ратифікацію Протоколу про реєстри викидів і перенесення забруднювачів (№0078) - в цілому","2016-02-03",5859,"13:07",233,0,426,67,TRUE,"aye",TRUE,40,"За політичний курс Президента"
5864,"rada","Поіменне голосування  про проект Закону про прийняття Протоколу про внесення змін до Угоди ТРІПС (№0079) - в цілому","2016-02-03",5864,"13:21",231,0,426,49,TRUE,"aye",TRUE,40,"За політичний курс Президента"
6295,"rada","Поіменне голосування  про проект Закону про приєднання України до Угоди про державні закупівлі (№0085) - в цілому","2016-03-16",6295,"11:51",243,0,426,98,TRUE,"aye",TRUE,40,"За політичний курс Президента"
6287,"rada","Поіменне голосування  про проект Закону про ратифікацію Конвенції Міжнародної організації праці про мінімальні норми соціального забезпечення № 102 (№0091) -  в цілому","2016-03-16",6287,"11:05",253,0,426,86,TRUE,"aye",TRUE,40,"За політичний курс Президента"
6289,"rada","Поіменне голосування  про проект Закону про ратифікацію Угоди між Україною та Аргентинською Республікою про взаємну адміністративну допомогу з питань запобігання, розслідування та припинення митних правопорушень (№0094) - в цілому","2016-03-16",6289,"11:19",250,0,426,86,TRUE,"aye",TRUE,40,"За політичний курс Президента"
6291,"rada","Поіменне голосування  про проект Закону про ратифікацію Факультативного протоколу до Конвенції про права дитини щодо процедури повідомлень (№0095) - в цілому","2016-03-16",6291,"11:33",244,0,426,99,TRUE,"aye",TRUE,40,"За політичний курс Президента"
1206,"rada","Поіменне голосування  про розгляд за скороченою процедурою проекту Закону про внесення змін до Закону України ""Про військовий обов'язок і військову службу"" щодо служби у військовому резерві в особливий період (№2377)","2015-03-19",1206,"11:29",203,9,424,57,TRUE,"aye",TRUE,40,"За політичний курс Президента"
1136,"rada","Поіменне голосування  про проект Постанови про визначення окремих районів, міст, селищ і сіл Донецької та Луганської областей, в яких запроваджується особливий порядок місцевого самоврядування (№2374) - за основу та в цілому","2015-03-17",1136,"17:50",296,27,424,29,TRUE,"aye",FALSE,40,"За політичний курс Президента"
1139,"rada","Поіменне голосування  про проект Закону про схвалення рішення Президента України про допуск підрозділів збройних сил інших держав на територію України у 2015 році для участі у багатонаціональних навчаннях (№2346) - за основу та в цілому","2015-03-17",1139,"17:56",305,4,424,22,TRUE,"aye",TRUE,40,"За політичний курс Президента"
3380,"rada","Поіменне голосування  про проект Закону про внесення зміни до Бюджетного кодексу України щодо експерименту в Одеській, Волинській та Львівській областях з фінансування реконструкції, поточного ремонту автомобільних доріг загального користування державного значення (№2315а) - за основу","2015-07-17",3380,"12:55",241,2,424,54,TRUE,"aye",TRUE,40,"За політичний курс Президента"
3504,"rada","Поіменне голосування  про проект Закону про внесення зміни до Бюджетного кодексу України щодо експерименту в Одеській, Волинській та Львівській областях з фінансування реконструкції, поточного ремонту автомобільних доріг загального користування державного значення (№2315а) - у другому читанні та в цілому","2015-09-03",3504,"10:27",234,8,425,70,TRUE,"aye",TRUE,40,"За політичний курс Президента"
2953,"rada","Поіменне голосування про проект Закону про внесення змін до Закону України ""Про звернення громадян"" щодо електронного звернення та електронної петиції (№2299) - у другому читанні та в цілому","2015-07-02",2953,"13:46",288,2,425,44,TRUE,"aye",TRUE,40,"За політичний курс Президента"
1477,"rada","Поіменне голосування  про проект Закону про внесення змін до Закону України ""Про звернення громадян"" щодо електронного звернення та електронної петиції (№2299) - за основу","2015-04-09",1477,"18:54",234,0,424,62,TRUE,"aye",TRUE,40,"За політичний курс Президента"
1037,"rada","Поіменне голосування  про проект Закону про чисельність Збройних Сил України (№2269) - за основу та в цілому","2015-03-05",1037,"11:57",270,0,403,19,TRUE,"aye",TRUE,40,"За політичний курс Президента"
3462,"rada","Поіменне голосування  про проект Постанови про попереднє схвалення законопроекту про внесення змін до Конституції України щодо децентралізації влади (№2217а/П1) - в цілому","2015-08-31",3462,"13:00",265,87,424,41,TRUE,"aye",TRUE,40,"За політичний курс Президента"
2933,"rada","Поіменне голосування про проект Постанови про призначення Грицака В.С. на посаду Голови Служби безпеки України (№2204а) - в цілому","2015-07-02",2933,"11:44",340,1,425,21,TRUE,"aye",TRUE,40,"За політичний курс Президента"
1031,"rada","Поіменне голосування  про проект Закону про внесення зміни до статті 73 Кодексу законів про працю України (щодо встановлення святкового дня - День захисника України) (№2187) - за основу та в цілому","2015-03-05",1031,"10:55",244,1,403,52,TRUE,"aye",TRUE,40,"За політичний курс Президента"
1032,"rada","Поіменне голосування  про розгляд за скороченою процедурою проекту Закону про внесення змін до статті 28 Бюджетного кодексу України щодо доступу до інформації про бюджетні показники у формі відкритих даних (№2172)","2015-03-05",1032,"10:57",205,0,403,51,TRUE,"aye",FALSE,40,"За політичний курс Президента"
1453,"rada","Поіменне голосування  про проект Закону про внесення змін до статті 28 Бюджетного кодексу України щодо доступу до інформації про бюджетні показники у формі відкритих даних (№2172) - у другому читанні та в цілому","2015-04-09",1453,"17:35",265,0,424,63,TRUE,"aye",TRUE,40,"За політичний курс Президента"
1029,"rada","Поіменне голосування  про проект Закону про внесення змін до деяких законів України щодо доступу до публічної інформації у формі відкритих даних (№2171) - за основу","2015-03-05",1029,"10:38",243,0,403,56,TRUE,"aye",TRUE,40,"За політичний курс Президента"
1452,"rada","Поіменне голосування  про проект Закону про внесення змін до деяких законів України щодо доступу до публічної інформації у формі відкритих даних (№2171) - у другому читанні та в цілому","2015-04-09",1452,"17:34",279,0,424,50,TRUE,"aye",TRUE,40,"За політичний курс Президента"
2662,"rada","Поіменне голосування  про проект Постанови про звільнення Наливайченка В.О. з посади Голови Служби безпеки України (№2110а) - в цілому","2015-06-18",2662,"12:07",248,8,425,67,TRUE,"aye",TRUE,40,"За політичний курс Президента"
3376,"rada","Поіменне голосування  про проект Закону про внесення змін до деяких законодавчих актів України щодо порядку переміщення товарів до району або з району проведення антитерористичної операції (№2109а) - за основу та в цілому","2015-07-17",3376,"12:46",250,0,424,41,TRUE,"aye",TRUE,40,"За політичний курс Президента"
938,"rada","Поіменне голосування  про проект Закону про внесення змін до деяких законодавчих актів України щодо відповідальності пов'язаних із банком осіб (№2085) - за основу та в цілому","2015-03-02",938,"21:15",260,0,424,19,TRUE,"aye",TRUE,40,"За політичний курс Президента"
696,"rada","Поіменне голосування  про проект Постанови про надання згоди на призначення Президентом України Шокіна В.М. на посаду Генерального прокурора України (№2084) - за основу та в цілому","2015-02-10",696,"14:07",318,46,423,22,TRUE,"aye",TRUE,40,"За політичний курс Президента"
695,"rada","Поіменне голосування  про проект Постанови про надання згоди на звільнення Президентом України Яреми В.Г. з посади Генерального прокурора України (№2083) - в цілому","2015-02-10",695,"13:18",291,0,423,51,TRUE,"aye",TRUE,40,"За політичний курс Президента"
1035,"rada","Поіменне голосування  про проект Закону про Рахункову палату (№2072) - за основу","2015-03-05",1035,"11:39",282,0,403,28,TRUE,"aye",TRUE,40,"За політичний курс Президента"
601,"rada","Поіменне голосування  про проект Постанови про направлення до Конституційного Суду України законопроекту про внесення змін до Конституції України (щодо недоторканності народних депутатів України та суддів) (№1776/П1) - за основу та в цілому","2015-02-05",601,"11:54",365,1,423,6,TRUE,"aye",TRUE,40,"За політичний курс Президента"
412,"rada","Поіменне голосування  про проект Закону про затвердження Указу Президента України ""Про часткову мобілізацію"" (№1743) - за основу та в цілому","2015-01-15",412,"11:37",268,1,420,23,TRUE,"aye",TRUE,40,"За політичний курс Президента"
325,"rada","Поіменне голосування  про проект Закону про забезпечення права на справедливий суд (№1656) - за основу","2015-01-13",325,"11:26",288,2,423,42,TRUE,"aye",TRUE,40,"За політичний курс Президента"
803,"rada","Поіменне голосування  про проект Закону про забезпечення права на справедливий суд (№1656) - у другому читанні та в цілому","2015-02-12",803,"16:45",251,10,424,37,TRUE,"aye",TRUE,40,"За політичний курс Президента"
120,"rada","Поіменне голосування  про проект Закону про внесення змін до Закону України ""Про Раду національної безпеки і оборони України"" щодо вдосконалення координації і контролю у сфері національної безпеки і оборони (№1343) - за основу","2014-12-11",120,"13:47",316,3,422,24,TRUE,"aye",TRUE,40,"За політичний курс Президента"
210,"rada","Поіменне голосування  про проект Закону про внесення змін до Закону України ""Про Раду національної безпеки і оборони України"" щодо вдосконалення координації і контролю у сфері національної безпеки і оборони (№1343) - у другому читанні та в цілому","2014-12-25",210,"10:22",253,9,423,59,TRUE,"aye",TRUE,40,"За політичний курс Президента"
55,"rada","Поіменне голосування  про проект Постанови про призначення Полторака С.Т. Міністром оборони України (№1167) - за основу та в цілому","2014-12-02",55,"18:08",347,0,412,8,TRUE,"aye",TRUE,40,"За політичний курс Президента"
54,"rada","Поіменне голосування  про проект Постанови про призначення Клімкіна П.А. Міністром закордонних справ України (№1166) - за основу та в цілому","2014-12-02",54,"17:58",351,0,412,4,TRUE,"aye",TRUE,40,"За політичний курс Президента"
187,"rada","Поіменне голосування  про проект Закону про внесення змін до деяких законів України щодо відмови України від здійснення політики позаблоковості (№1014-3) - за основу та в цілому","2014-12-23",187,"12:13",303,8,423,48,TRUE,"aye",TRUE,40,"За політичний курс Президента"
25,"rada","Поіменне голосування  про проект Постанови про призначення Яценюка А.П. Прем'єр-міністром України (№1007) - за основу та в цілому","2014-11-27",25,"14:59",341,2,419,22,TRUE,"aye",TRUE,40,"За політичний курс Президента"
1207,"rada","Поіменне голосування  про проект Закону про внесення змін до Закону України ""Про військовий обов'язок і військову службу"" щодо служби у військовому резерві в особливий період (№2377) - за основу та в цілому","2015-03-19",1207,"11:41",273,0,424,36,TRUE,"aye",TRUE,40,"За політичний курс Президента"
1134,"rada","Поіменне голосування  про проект Закону про внесення зміни до статті 10 Закону України ""Про особливий порядок місцевого самоврядування в окремих районах Донецької та Луганської областей"" (№2378) - за основу та в цілому","2015-03-17",1134,"17:48",265,32,424,34,TRUE,"aye",TRUE,40,"За політичний курс Президента"
1138,"rada","Поіменне голосування  про проект Постанови про схвалення звернення від імені України до Ради Безпеки Організації Об'єднаних Націй та Ради Європейського  Союзу стосовно розгортання на території України міжнародної операції з підтримання миру і безпеки (№2379) - за основу та в цілому","2015-03-17",1138,"17:55",341,0,424,12,TRUE,"aye",TRUE,40,"За політичний курс Президента"
3996,"rada","Сигнальне голосування  про проект Закону про внесення змін до деяких законодавчих актів України щодо сплати судового збору (№2382а)","2015-10-08",3996,"10:48",212,6,427,63,TRUE,"aye",FALSE,40,"За політичний курс Президента"
3997,"rada","Сигнальне голосування  про проект Закону про внесення змін до деяких законодавчих актів України щодо сплати судового збору (№2382а)","2015-10-08",3997,"10:51",202,5,427,66,TRUE,"aye",FALSE,40,"За політичний курс Президента"
3998,"rada","Сигнальне голосування  про проект Закону про внесення змін до деяких законодавчих актів України щодо сплати судового збору (№2382а)","2015-10-08",3998,"10:52",208,4,427,61,TRUE,"aye",FALSE,40,"За політичний курс Президента"
3999,"rada","Поіменне голосування  про проект Закону про внесення змін до деяких законодавчих актів України щодо сплати судового збору (№2382а) - за основу","2015-10-08",3999,"10:57",217,9,427,55,TRUE,"aye",TRUE,40,"За політичний курс Президента"
3995,"rada","Поіменне голосування  про розгляд за скороченою процедурою проекту Закону про внесення змін до деяких законодавчих актів України щодо сплати судового збору (№2382а)","2015-10-08",3995,"10:12",127,19,427,88,TRUE,"aye",TRUE,40,"За політичний курс Президента"
4000,"rada","Поіменне голосування  про повернення до розгляду проекту Закону про внесення змін до деяких законодавчих актів України щодо сплати судового збору (№2382а)","2015-10-08",4000,"10:57",205,41,427,56,TRUE,"aye",FALSE,40,"За політичний курс Президента"
1404,"rada","Поіменне голосування  про проект Закону про внесення зміни до Закону України ""Про Державну прикордонну службу України"" (№2471) - за основу та в цілому","2015-04-09",1404,"10:51",253,0,424,84,TRUE,"aye",TRUE,40,"За політичний курс Президента"
1406,"rada","Поіменне голосування  про проект Закону про внесення зміни до Закону України ""Про загальну структуру і чисельність Служби безпеки України"" (№2472) - за основу та в цілому","2015-04-09",1406,"11:05",268,0,424,71,TRUE,"aye",TRUE,40,"За політичний курс Президента"
4008,"rada","Поіменне голосування  про проект Закону про особливості доступу до інформації у сферах постачання електричної енергії, природного газу, теплопостачання, централізованого постачання гарячої води, централізованого питного водопостачання та водовідведення (№2505а) - за основу","2015-10-08",4008,"11:59",256,0,427,51,TRUE,"aye",TRUE,40,"За політичний курс Президента"
5146,"rada","Поіменне голосування  про проект Закону про особливості доступу до інформації у сферах постачання електричної енергії, природного газу, теплопостачання, централізованого постачання гарячої води, централізованого питного водопостачання та водовідведення (№2505а) - у другому читанні та в цілому","2015-12-10",5146,"10:18",242,0,427,78,TRUE,"aye",TRUE,40,"За політичний курс Президента"
4002,"rada","Сигнальне голосування  про проект Закону про органи та осіб, які здійснюють примусове виконання судових рішень і рішень інших органів (№2506а)","2015-10-08",4002,"11:14",234,13,427,53,TRUE,"aye",FALSE,40,"За політичний курс Президента"
4003,"rada","Поіменне голосування  про проект Закону про органи та осіб, які здійснюють примусове виконання судових рішень і рішень інших органів (№2506а) - за основу","2015-10-08",4003,"11:15",246,15,427,67,TRUE,"aye",TRUE,40,"За політичний курс Президента"
4005,"rada","Поіменне голосування  про проект Закону про виконавче провадження (№2507а) - за основу","2015-10-08",4005,"11:37",249,15,427,68,TRUE,"aye",TRUE,40,"За політичний курс Президента"
1408,"rada","Поіменне голосування  про проект Закону про правовий режим воєнного стану (№2541) - за основу","2015-04-09",1408,"11:23",258,0,424,72,TRUE,"aye",TRUE,40,"За політичний курс Президента"
1858,"rada","Поіменне голосування  про проект Закону про правовий режим воєнного стану (№2541) - у другому читанні та в цілому","2015-05-12",1858,"16:56",254,1,425,36,TRUE,"aye",TRUE,40,"За політичний курс Президента"
1411,"rada","Поіменне голосування  про проект Закону про внесення змін до деяких законів України щодо удосконалення порядку речового забезпечення військовослужбовців (№2551) - за основу","2015-04-09",1411,"11:31",271,0,424,71,TRUE,"aye",TRUE,40,"За політичний курс Президента"
2889,"rada","Поіменне голосування  про проект Закону про внесення змін до деяких законів України щодо удосконалення порядку речового забезпечення військовослужбовців (№2551) - у другому читанні та в цілому","2015-07-01",2889,"11:46",273,0,425,66,TRUE,"aye",TRUE,40,"За політичний курс Президента"
1412,"rada","Поіменне голосування  про проект Закону про внесення змін до деяких законодавчих актів України щодо організації харчування особового складу Збройних Сил України (№2595) - за основу та в цілому","2015-04-09",1412,"11:34",281,0,424,61,TRUE,"aye",TRUE,40,"За політичний курс Президента"
2074,"rada","Поіменне голосування  про проект Закону про внесення змін до деяких законодавчих актів України щодо розбудови інституційної спроможності Національного банку України (№2742) - за основу","2015-05-19",2074,"11:40",231,26,423,74,TRUE,"aye",TRUE,40,"За політичний курс Президента"
2072,"rada","Поіменне голосування  про проект Закону про внесення змін до деяких законодавчих актів України щодо розбудови інституційної спроможності Національного банку України (№2742) - за основу","2015-05-19",2072,"11:39",220,20,423,85,TRUE,"aye",TRUE,40,"За політичний курс Президента"
2683,"rada","Поіменне голосування  про проект Закону про внесення змін до деяких законодавчих актів України щодо розбудови інституційної спроможності Національного банку України (№2742) - у другому читанні та в цілому","2015-06-18",2683,"13:07",232,2,425,65,TRUE,"aye",TRUE,40,"За політичний курс Президента"
2273,"rada","Поіменне голосування  про проект Закону про внесення змін до Бюджетного кодексу України щодо розбудови інституційної спроможності Національного банку України (№2743) - за основу","2015-05-22",2273,"11:19",267,0,424,49,TRUE,"aye",TRUE,40,"За політичний курс Президента"
2226,"rada","Сигнальне голосування  про проект Закону про внесення змін до Бюджетного кодексу України щодо розбудови інституційної спроможності Національного банку України (№2743)","2015-05-21",2226,"17:12",226,15,424,68,TRUE,"aye",FALSE,40,"За політичний курс Президента"
2227,"rada","Поіменне голосування  про проект Закону про внесення змін до Бюджетного кодексу України щодо розбудови інституційної спроможності Національного банку України (№2743) - за основу","2015-05-21",2227,"17:13",216,13,424,81,TRUE,"aye",TRUE,40,"За політичний курс Президента"
2219,"rada","Поіменне голосування  про проект Закону про внесення змін до Бюджетного кодексу України щодо розбудови інституційної спроможності Національного банку України (№2743) - за основу","2015-05-21",2219,"17:04",223,2,424,67,TRUE,"aye",TRUE,40,"За політичний курс Президента"
2685,"rada","Поіменне голосування  про проект Закону про внесення змін до Бюджетного кодексу України щодо розбудови інституційної спроможності Національного банку України (№2743) - у другому читанні та в цілому","2015-06-18",2685,"13:12",234,2,425,70,TRUE,"aye",TRUE,40,"За політичний курс Президента"
4557,"rada","Поіменне голосування  про проект Закону про схвалення рішення Президента України про допуск підрозділів збройних сил інших держав на територію України для участі у багатонаціональному навчанні (№3428) - за основу та в цілому","2015-11-12",4557,"16:49",238,0,427,61,TRUE,"aye",TRUE,40,"За політичний курс Президента"
4555,"rada","Поіменне голосування  про розгляд проекту Закону про схвалення рішення Президента України про допуск підрозділів збройних сил інших держав на територію України для участі у багатонаціональному навчанні (№3428)","2015-11-12",4555,"16:46",233,1,427,65,TRUE,"aye",FALSE,40,"За політичний курс Президента"
4554,"rada","Сигнальне голосування  про розгляд проекту Закону про схвалення рішення Президента України про допуск підрозділів збройних сил інших держав на територію України для участі у багатонаціональному навчанні (№3428)","2015-11-12",4554,"16:46",232,1,427,65,TRUE,"aye",FALSE,40,"За політичний курс Президента"
4501,"rada","Поіменне голосування  про включення до порядку денного сесії проекту Закону про схвалення рішення Президента України про допуск підрозділів збройних сил інших держав на територію України для участі у багатонаціональному навчанні (№3428)","2015-11-12",4501,"11:43",262,6,427,58,TRUE,"aye",FALSE,40,"За політичний курс Президента"
5753,"rada","Поіменне голосування  про попереднє схвалення проекту Закону про внесення змін до Конституції України (щодо правосуддя) (№3524)","2016-02-02",5753,"11:30",244,13,425,64,TRUE,"aye",TRUE,40,"За політичний курс Президента"
5410,"rada","Сигнальне голосування  про проект Закону про внесення змін до Закону України ""Про Національну гвардію України"" щодо удосконалення правових засад діяльності Національної гвардії України (№3703)","2015-12-24",5410,"23:48",232,0,425,84,TRUE,"aye",FALSE,40,"За політичний курс Президента"
5411,"rada","Поіменне голосування  про проект Закону про внесення змін до Закону України ""Про Національну гвардію України"" щодо удосконалення правових засад діяльності Національної гвардії України (№3703) - за основу та в цілому","2015-12-24",5411,"23:50",248,0,425,66,TRUE,"aye",TRUE,40,"За політичний курс Президента"
5409,"rada","Сигнальне голосування  про проект Закону про внесення змін до Закону України ""Про Національну гвардію України"" щодо удосконалення правових засад діяльності Національної гвардії України (№3703)","2015-12-24",5409,"23:47",214,0,425,87,TRUE,"aye",FALSE,40,"За політичний курс Президента"
5432,"rada","Поіменне голосування  про проект Закону про схвалення рішення Президента України про допуск підрозділів збройних сил інших держав на територію України у 2016 році для участі у багатонаціональних навчаннях (№3720) - за основу та в цілому","2015-12-25",5432,"01:12",239,0,426,65,TRUE,"aye",TRUE,40,"За політичний курс Президента"
6018,"rada","Поіменне голосування  про проект Закону про внесення змін до деяких законодавчих актів України щодо виконання рекомендацій, які містяться у шостій доповіді Європейської комісії про стан виконання Україною Плану дій щодо лібералізації Європейським Союзом візового режиму для України стосовно удосконалення засад діяльності Національного агентства України з питань виявлення, розшуку та управління активами, одержаними від корупційних та інших злочинів (№4056) - за основу","2016-02-16",6018,"11:05",282,8,426,51,TRUE,"aye",TRUE,40,"За політичний курс Президента"
6020,"rada","Сигнальне голосування  про проект Закону про внесення змін до деяких законодавчих актів України щодо виконання рекомендацій, які містяться у шостій доповіді Європейської комісії про стан виконання Україною Плану дій щодо лібералізації Європейським Союзом візового режиму для України стосовно удосконалення засад діяльності Національного агентства України з питань виявлення, розшуку та управління активами, одержаними від корупційних та інших злочинів (№4056) - в цілому","2016-02-16",6020,"11:07",209,18,426,82,TRUE,"aye",FALSE,40,"За політичний курс Президента"
6019,"rada","Сигнальне голосування  про проект Закону про внесення змін до деяких законодавчих актів України щодо виконання рекомендацій, які містяться у шостій доповіді Європейської комісії про стан виконання Україною Плану дій щодо лібералізації Європейським Союзом візового режиму для України стосовно удосконалення засад діяльності Національного агентства України з питань виявлення, розшуку та управління активами, одержаними від корупційних та інших злочинів (№4056) - в цілому","2016-02-16",6019,"11:06",219,19,426,73,TRUE,"aye",FALSE,40,"За політичний курс Президента"
6174,"rada","Поіменне голосування  про проект Закону про внесення змін до деяких законодавчих актів України щодо виконання рекомендацій, які містяться у шостій доповіді Європейської комісії про стан виконання Україною Плану дій щодо лібералізації Європейським Союзом візового режиму для України стосовно удосконалення засад діяльності Національного агентства України з питань виявлення, розшуку та управління активами, одержаними від корупційних та інших злочинів (№4056) - у другому читанні та в цілому","2016-02-18",6174,"18:27",261,2,426,31,TRUE,"aye",TRUE,40,"За політичний курс Президента"
6027,"rada","Поіменне голосування  про проект Закону про внесення змін до Закону України ""Про прокуратуру"" щодо забезпечення прозорості в організації діяльності Спеціалізованої антикорупційної прокуратури з метою виконання рекомендацій Міжнародного валютного фонду (№4055) - за основу","2016-02-16",6027,"12:13",236,26,426,80,TRUE,"aye",TRUE,40,"За політичний курс Президента"
6026,"rada","Сигнальне голосування  про проект Закону про внесення змін до Закону України ""Про прокуратуру"" щодо забезпечення прозорості в організації діяльності Спеціалізованої антикорупційної прокуратури з метою виконання рекомендацій Міжнародного валютного фонду (№4055) - за основу та в цілому","2016-02-16",6026,"12:12",191,33,426,119,TRUE,"aye",FALSE,40,"За політичний курс Президента"
6141,"rada","Поіменне голосування  про проект Закону про внесення змін до Закону України ""Про прокуратуру"" щодо забезпечення прозорості в організації діяльності Спеціалізованої антикорупційної прокуратури з метою виконання рекомендацій Міжнародного валютного фонду (№4055) - у другому читанні та в цілому","2016-02-18",6141,"17:11",302,1,426,48,TRUE,"aye",TRUE,40,"За політичний курс Президента"
6022,"rada","Сигнальне голосування  про проект Закону про внесення змін до Кримінального та Кримінального процесуального кодексів України щодо виконання рекомендацій, які містяться у шостій доповіді Європейської Комісії про стан виконання Україною Плану дій щодо лібералізації Європейським Союзом візового режиму для України, стосовно удосконалення процедури арешту майна та інституту спеціальної конфіскації (№4054) - за основу та в цілому","2016-02-16",6022,"11:30",202,23,426,84,TRUE,"aye",TRUE,40,"За політичний курс Президента"
6138,"rada","Поіменне голосування  про проект Закону про внесення змін до Кримінального та Кримінального процесуального кодексів України щодо виконання рекомендацій, які містяться у шостій доповіді Європейської Комісії про стан виконання Україною Плану дій щодо лібералізації Європейським Союзом візового режиму для України, стосовно удосконалення процедури арешту майна та інституту спеціальної конфіскації (№4054) - у другому читанні та в цілому","2016-02-18",6138,"16:58",252,2,426,52,TRUE,"aye",TRUE,40,"За політичний курс Президента"
6023,"rada","Поіменне голосування  про проект Закону про внесення змін до Кримінального та Кримінального процесуального кодексів України щодо виконання рекомендацій, які містяться у шостій доповіді Європейської Комісії про стан виконання Україною Плану дій щодо лібералізації Європейським Союзом візового режиму для України, стосовно удосконалення процедури арешту майна та інституту спеціальної конфіскації (№4054) - за основу","2016-02-16",6023,"11:31",264,14,426,61,TRUE,"aye",TRUE,40,"За політичний курс Президента"
6088,"rada","Сигнальне голосування  про проект Закону про внесення зміни до статті 15 Закону України ""Про військовий обов'язок і військову службу"" щодо призову громадян України на строкову військову службу (№4020) - за основу та в цілому","2016-02-18",6088,"10:40",225,0,426,59,TRUE,"aye",FALSE,40,"За політичний курс Президента"
6087,"rada","Сигнальне голосування  про проект Закону про внесення зміни до статті 15 Закону України ""Про військовий обов'язок і військову службу"" щодо призову громадян України на строкову військову службу (№4020) - за основу та в цілому","2016-02-18",6087,"10:39",220,0,426,54,TRUE,"aye",FALSE,40,"За політичний курс Президента"
6089,"rada","Поіменне голосування  про проект Закону про внесення зміни до статті 15 Закону України ""Про військовий обов'язок і військову службу"" щодо призову громадян України на строкову військову службу (№4020) - за основу та в цілому","2016-02-18",6089,"10:40",235,0,426,55,TRUE,"aye",TRUE,40,"За політичний курс Президента"
5862,"rada","Сигнальне голосування  про проект Закону про прийняття Протоколу про внесення змін до Угоди ТРІПС (№0079)","2016-02-03",5862,"13:19",221,0,426,64,TRUE,"aye",FALSE,40,"За політичний курс Президента"
5861,"rada","Сигнальне голосування  про проект Закону про прийняття Протоколу про внесення змін до Угоди ТРІПС (№0079)","2016-02-03",5861,"13:18",211,0,426,68,TRUE,"aye",FALSE,40,"За політичний курс Президента"
5863,"rada","Сигнальне голосування  про проект Закону про прийняття Протоколу про внесення змін до Угоди ТРІПС (№0079)","2016-02-03",5863,"13:20",225,0,426,63,TRUE,"aye",FALSE,40,"За політичний курс Президента"
5858,"rada","Сигнальне голосування  про проект Закону про ратифікацію Протоколу про реєстри викидів і перенесення забруднювачів (№0078)","2016-02-03",5858,"13:06",222,0,426,71,TRUE,"aye",FALSE,40,"За політичний курс Президента"
5857,"rada","Сигнальне голосування  про проект Закону про ратифікацію Протоколу про реєстри викидів і перенесення забруднювачів (№0078)","2016-02-03",5857,"13:04",212,0,426,74,TRUE,"aye",FALSE,40,"За політичний курс Президента"
5856,"rada","Сигнальне голосування  про проект Закону про ратифікацію Протоколу про реєстри викидів і перенесення забруднювачів (№0078)","2016-02-03",5856,"13:03",204,0,426,79,TRUE,"aye",FALSE,40,"За політичний курс Президента"
5629,"rada","Сигнальне голосування  про проект Закону про ратифікацію Угоди між Україною та Королівством Іспанія про взаємну охорону інформації з обмеженим доступом (№0072)","2016-01-27",5629,"11:00",220,0,427,95,TRUE,"aye",FALSE,40,"За політичний курс Президента"
5628,"rada","Сигнальне голосування  про проект Закону про ратифікацію Угоди між Україною та Королівством Іспанія про взаємну охорону інформації з обмеженим доступом (№0072)","2016-01-27",5628,"10:59",217,0,427,81,TRUE,"aye",FALSE,40,"За політичний курс Президента"
5630,"rada","Сигнальне голосування  про проект Закону про ратифікацію Угоди між Україною та Королівством Іспанія про взаємну охорону інформації з обмеженим доступом (№0072)","2016-01-27",5630,"11:01",232,0,427,85,TRUE,"aye",FALSE,40,"За політичний курс Президента"
3766,"rada","Сигнальне голосування  про проект Закону про ратифікацію Договору про дружні відносини і співробітництво між Україною та Республікою Парагвай (№0053)","2015-09-16",3766,"11:00",220,0,425,59,TRUE,"aye",FALSE,40,"За політичний курс Президента"
7547,"rada","Поіменне голосування  про включення до порядку денного сесії проекту Закону про судоустрій і статус суддів (№4734)","2016-05-31",7547,"11:19",231,0,417,69,TRUE,"aye",FALSE,40,"За політичний курс Президента"
7284,"rada","Поіменне голосування  про проект Постанови про надання згоди на призначення Президентом України Луценка Ю.В. на посаду Генерального прокурора України (№4654) - за основу та в цілому","2016-05-12",7284,"18:15",264,37,418,37,TRUE,"aye",TRUE,40,"За політичний курс Президента"
7099,"rada","Поіменне голосування  про включення до порядку денного сесії проекту Закону про внесення змін до деяких законодавчих актів України щодо врегулювання окремих питань правового режиму території, що зазнала радіоактивного забруднення внаслідок Чорнобильської катастрофи (№4437)","2016-04-21",7099,"13:53",205,0,419,85,TRUE,"aye",FALSE,40,"За політичний курс Президента"
7024,"rada","Поіменне голосування  про включення до порядку денного сесії проекту Закону про внесення змін до деяких законодавчих актів України щодо врегулювання окремих питань правового режиму території, що зазнала радіоактивного забруднення внаслідок Чорнобильської катастрофи (№4437)","2016-04-20",7024,"11:52",173,0,414,72,TRUE,"aye",FALSE,40,"За політичний курс Президента"
7252,"rada","Поіменне голосування  про включення до порядку денного сесії проекту Закону про внесення змін до деяких законодавчих актів України щодо врегулювання окремих питань правового режиму території, що зазнала радіоактивного забруднення внаслідок Чорнобильської катастрофи (№4437)","2016-05-12",7252,"11:25",281,0,418,60,TRUE,"aye",FALSE,40,"За політичний курс Президента"
8157,"rada","Поіменне голосування  про проект Закону про ратифікацію Паризької угоди (№0105) - в цілому","2016-07-14",8157,"11:25",279,0,417,41,FALSE,"aye",TRUE,40,"За політичний курс Президента"
8156,"rada","Поіменне голосування  про розгляд за скороченою процедурою проекту Закону про ратифікацію Паризької угоди (№0105)","2016-07-14",8156,"11:09",171,5,417,99,FALSE,"aye",FALSE,40,"За політичний курс Президента"
8596,"rada","Поіменне голосування  про розгляд за скороченою процедурою проекту Закону про ратифікацію Фінансової угоди (Проект ""Основний кредит для аграрної галузі - Україна"") між Україною та Європейським інвестиційним банком (№0106)","2016-09-20",8596,"16:43",192,15,424,109,FALSE,"aye",FALSE,40,"За політичний курс Президента"
8597,"rada","Поіменне голосування  про проект Закону про ратифікацію Фінансової угоди (Проект ""Основний кредит для аграрної галузі - Україна"") між Україною та Європейським інвестиційним банком (№0106) - в цілому","2016-09-20",8597,"16:57",269,0,424,71,FALSE,"aye",TRUE,40,"За політичний курс Президента"
9193,"rada","Поіменне голосування  про розгляд за скороченою процедурою проекту Закону про ратифікацію Угоди (у формі обміну нотами) між Україною та Королівством Нідерланди про продовження до 1 серпня 2017 року строку дії Угоди між Україною та Королівством Нідерланди про Міжнародну місію захисту розслідування від 28 липня 2014 року (№0111)","2016-10-19",9193,"10:43",153,7,424,132,FALSE,"aye",FALSE,40,"За політичний курс Президента"
9194,"rada","Поіменне голосування  про проект Закону про ратифікацію Угоди (у формі обміну нотами) між Україною та Королівством Нідерланди про продовження до 1 серпня 2017 року строку дії Угоди між Україною та Королівством Нідерланди про Міжнародну місію захисту розслідування від 28 липня 2014 року (№0111) - за основу та в цілому","2016-10-19",9194,"10:49",247,0,424,94,FALSE,"aye",TRUE,40,"За політичний курс Президента"
9633,"rada","Поіменне голосування  про проект Закону про ратифікацію Договору між Україною та Демократичною Соціалістичною Республікою Шри-Ланка про видачу правопорушників (№0113) - в цілому","2016-11-16",9633,"12:10",261,1,425,67,FALSE,"aye",TRUE,40,"За політичний курс Президента"
9634,"rada","Поіменне голосування  про проект Закону про ратифікацію Договору між Україною та Демократичною Соціалістичною Республікою Шри-Ланка про взаємну правову допомогу у кримінальних справах (№0114) - в цілому","2016-11-16",9634,"12:11",259,1,425,71,FALSE,"aye",TRUE,40,"За політичний курс Президента"
9635,"rada","Поіменне голосування  про проект Закону про ратифікацію Договору між Україною та Демократичною Соціалістичною Республікою Шри-Ланка про передачу засуджених осіб (№0115) - в цілому","2016-11-16",9635,"12:11",263,0,425,67,FALSE,"aye",TRUE,40,"За політичний курс Президента"
9639,"rada","Поіменне голосування  про розгляд за скороченою процедурою проекту Закону про ратифікацію Конвенції Ради Європи проти маніпулювання спортивними змаганнями (№0117)","2016-11-16",9639,"13:11",167,2,425,108,FALSE,"aye",FALSE,40,"За політичний курс Президента"
9640,"rada","Поіменне голосування  про проект Закону про ратифікацію Конвенції Ради Європи проти маніпулювання спортивними змаганнями (№0117) - за основу та в цілому","2016-11-16",9640,"13:27",227,0,425,79,FALSE,"aye",TRUE,40,"За політичний курс Президента"
10250,"rada","Поіменне голосування  про повернення до розгляду проекту Закону про ратифікацію Протоколу про внесення доповнень до Основної багатосторонньої угоди про міжнародний транспорт щодо розвитку коридору Європа-Кавказ-Азія (№0118)","2016-12-22",10250,"11:05",235,0,426,50,FALSE,"aye",FALSE,40,"За політичний курс Президента"
10248,"rada","Поіменне голосування  про повернення до розгляду проекту Закону про ратифікацію Протоколу про внесення доповнень до Основної багатосторонньої угоди про міжнародний транспорт щодо розвитку коридору Європа-Кавказ-Азія (№0118)","2016-12-22",10248,"11:04",224,0,426,58,FALSE,"aye",FALSE,40,"За політичний курс Президента"
10249,"rada","Поіменне голосування  про повернення до розгляду проекту Закону про ратифікацію Протоколу про внесення доповнень до Основної багатосторонньої угоди про міжнародний транспорт щодо розвитку коридору Європа-Кавказ-Азія (№0118)","2016-12-22",10249,"11:04",225,0,426,56,FALSE,"aye",FALSE,40,"За політичний курс Президента"
10246,"rada","Поіменне голосування  про розгляд за скороченою процедурою проекту Закону про ратифікацію Протоколу про внесення доповнень до Основної багатосторонньої угоди про міжнародний транспорт щодо розвитку коридору Європа-Кавказ-Азія (№0118)","2016-12-22",10246,"10:52",182,10,426,96,FALSE,"aye",FALSE,40,"За політичний курс Президента"
10251,"rada","Поіменне голосування  про проект Закону про ратифікацію Протоколу про внесення доповнень до Основної багатосторонньої угоди про міжнародний транспорт щодо розвитку коридору Європа-Кавказ-Азія (№0118) - в цілому","2016-12-22",10251,"11:05",241,0,426,50,FALSE,"aye",TRUE,40,"За політичний курс Президента"
10247,"rada","Поіменне голосування  про проект Закону про ратифікацію Протоколу про внесення доповнень до Основної багатосторонньої угоди про міжнародний транспорт щодо розвитку коридору Європа-Кавказ-Азія (№0118) - в цілому","2016-12-22",10247,"11:01",207,0,426,80,FALSE,"aye",TRUE,40,"За політичний курс Президента"
9663,"rada","Поіменне голосування  про направлення на повторне перше читання проекту Закону про ратифікацію Конвенції Ради Європи про запобігання насильству стосовно жінок і домашньому насильству та боротьбу із цими явищами (№0119)","2016-11-17",9663,"12:00",249,3,424,64,TRUE,"aye",TRUE,40,"За політичний курс Президента"
9662,"rada","Поіменне голосування  про розгляд за скороченою процедурою проекту Закону про ратифікацію Конвенції Ради Європи про запобігання насильству стосовно жінок і домашньому насильству та боротьбу із цими явищами (№0119)","2016-11-17",9662,"11:34",181,7,424,94,FALSE,"aye",FALSE,40,"За політичний курс Президента"
10657,"rada","Поіменне голосування  про проект Закону про ратифікацію Угоди про співробітництво між Україною та Європейською організацією з питань юстиції (№0122) - в цілому","2017-02-08",10657,"10:53",205,0,425,84,FALSE,"aye",TRUE,40,"За політичний курс Президента"
10659,"rada","Поіменне голосування  про проект Закону про ратифікацію Угоди про співробітництво між Україною та Європейською організацією з питань юстиції (№0122) - в цілому","2017-02-08",10659,"10:56",230,0,425,61,FALSE,"aye",TRUE,40,"За політичний курс Президента"
10658,"rada","Поіменне голосування  про повернення до розгляду проекту Закону про ратифікацію Угоди про співробітництво між Україною та Європейською організацією з питань юстиції (№0122)","2017-02-08",10658,"10:55",230,3,425,66,FALSE,"aye",FALSE,40,"За політичний курс Президента"
10656,"rada","Поіменне голосування  про розгляд за скороченою процедурою проекту Закону про ратифікацію Угоди про співробітництво між Україною та Європейською організацією з питань юстиції (№0122)","2017-02-08",10656,"10:44",159,8,425,130,FALSE,"aye",FALSE,40,"За політичний курс Президента"
10504,"rada","Поіменне голосування  про проект Закону про приєднання до Протоколу про внесення поправок до пункту а) частини першої статті 1 та частини першої та пункту b) частини третьої статті 14 Європейської угоди про міжнародне дорожнє перевезення небезпечних вантажів (ДОПНВ) (№0124) - в цілому","2017-01-19",10504,"10:49",203,0,426,72,FALSE,"aye",TRUE,40,"За політичний курс Президента"
10508,"rada","Поіменне голосування  про проект Закону про приєднання до Протоколу про внесення поправок до пункту а) частини першої статті 1 та частини першої та пункту b) частини третьої статті 14 Європейської угоди про міжнародне дорожнє перевезення небезпечних вантажів (ДОПНВ) (№0124) - за основу та в цілому","2017-01-19",10508,"10:55",234,0,426,47,FALSE,"aye",TRUE,40,"За політичний курс Президента"
10505,"rada","Поіменне голосування  про повернення до розгляду проекту Закону про приєднання до Протоколу про внесення поправок до пункту а) частини першої статті 1 та частини першої та пункту b) частини третьої статті 14 Європейської угоди про міжнародне дорожнє перевезення небезпечних вантажів (ДОПНВ) (№0124)","2017-01-19",10505,"10:51",217,0,426,68,FALSE,"aye",TRUE,40,"За політичний курс Президента"
10501,"rada","Поіменне голосування  про розгляд за скороченою процедурою проекту Закону про приєднання до Протоколу про внесення поправок до пункту а) частини першої статті 1 та частини першої та пункту b) частини третьої статті 14 Європейської угоди про міжнародне дорожнє перевезення небезпечних вантажів (ДОПНВ) (№0124)","2017-01-19",10501,"10:35",143,16,426,120,FALSE,"aye",FALSE,40,"За політичний курс Президента"
10506,"rada","Поіменне голосування  про повернення до розгляду проекту Закону про приєднання до Протоколу про внесення поправок до пункту а) частини першої статті 1 та частини першої та пункту b) частини третьої статті 14 Європейської угоди про міжнародне дорожнє перевезення небезпечних вантажів (ДОПНВ) (№0124)","2017-01-19",10506,"10:54",225,0,426,61,FALSE,"aye",FALSE,40,"За політичний курс Президента"
10502,"rada","Поіменне голосування  про розгляд за скороченою процедурою проекту Закону про приєднання до Протоколу про внесення поправок до пункту а) частини першої статті 1 та частини першої та пункту b) частини третьої статті 14 Європейської угоди про міжнародне дорожнє перевезення небезпечних вантажів (ДОПНВ) (№0124)","2017-01-19",10502,"10:36",147,16,426,118,FALSE,"aye",FALSE,40,"За політичний курс Президента"
10507,"rada","Поіменне голосування  про повернення до розгляду проекту Закону про приєднання до Протоколу про внесення поправок до пункту а) частини першої статті 1 та частини першої та пункту b) частини третьої статті 14 Європейської угоди про міжнародне дорожнє перевезення небезпечних вантажів (ДОПНВ) (№0124)","2017-01-19",10507,"10:55",228,0,426,50,FALSE,"aye",FALSE,40,"За політичний курс Президента"
10503,"rada","Поіменне голосування  про розгляд за скороченою процедурою проекту Закону про приєднання до Протоколу про внесення поправок до пункту а) частини першої статті 1 та частини першої та пункту b) частини третьої статті 14 Європейської угоди про міжнародне дорожнє перевезення небезпечних вантажів (ДОПНВ) (№0124)","2017-01-19",10503,"10:37",155,13,426,108,FALSE,"aye",FALSE,40,"За політичний курс Президента"
10919,"rada","Поіменне голосування  про проект Закону про ратифікацію Договору між Україною та Урядом Малайзії про взаємну правову допомогу в кримінальних справах (№0128) - в цілому","2017-02-22",10919,"10:51",221,0,425,65,FALSE,"aye",TRUE,40,"За політичний курс Президента"
10921,"rada","Поіменне голосування  про проект Закону про ратифікацію Договору між Україною та Урядом Малайзії про взаємну правову допомогу в кримінальних справах (№0128) - в цілому","2017-02-22",10921,"10:53",233,0,425,61,FALSE,"aye",TRUE,40,"За політичний курс Президента"
10918,"rada","Рейтингове голосування  про проект Закону про ратифікацію Договору між Україною та Урядом Малайзії про взаємну правову допомогу в кримінальних справах (№0128)","2017-02-22",10918,"10:49",213,0,425,74,FALSE,"aye",FALSE,40,"За політичний курс Президента"
10917,"rada","Поіменне голосування  про розгляд за скороченою процедурою проекту Закону про ратифікацію Договору між Україною та Урядом Малайзії про взаємну правову допомогу в кримінальних справах (№0128)","2017-02-22",10917,"10:41",158,1,425,110,FALSE,"aye",FALSE,40,"За політичний курс Президента"
10920,"rada","Поіменне голосування  про повернення до розгляду проекту Закону про ратифікацію Договору між Україною та Урядом Малайзії про взаємну правову допомогу в кримінальних справах (№0128)","2017-02-22",10920,"10:53",232,0,425,60,FALSE,"aye",FALSE,40,"За політичний курс Президента"
10923,"rada","Поіменне голосування  про проект Закону про ратифікацію Договору між Україною та Урядом Малайзії про видачу правопорушників (№0129) - в цілому","2017-02-22",10923,"10:57",218,0,425,67,FALSE,"aye",TRUE,40,"За політичний курс Президента"
10927,"rada","Поіменне голосування  про проект Закону про ратифікацію Договору між Україною та Урядом Малайзії про видачу правопорушників (№0129) - в цілому","2017-02-22",10927,"11:01",235,0,425,58,FALSE,"aye",TRUE,40,"За політичний курс Президента"
10926,"rada","Поіменне голосування  про повернення до розгляду проекту Закону про ратифікацію Договору між Україною та Урядом Малайзії про видачу правопорушників (№0129)","2017-02-22",10926,"11:00",230,0,425,59,FALSE,"aye",FALSE,40,"За політичний курс Президента"
10925,"rada","Поіменне голосування  про повернення до розгляду проекту Закону про ратифікацію Договору між Україною та Урядом Малайзії про видачу правопорушників (№0129)","2017-02-22",10925,"10:59",224,0,425,66,FALSE,"aye",FALSE,40,"За політичний курс Президента"
10924,"rada","Поіменне голосування  про повернення до розгляду проекту Закону про ратифікацію Договору між Україною та Урядом Малайзії про видачу правопорушників (№0129)","2017-02-22",10924,"10:58",223,0,425,63,FALSE,"aye",FALSE,40,"За політичний курс Президента"
10922,"rada","Поіменне голосування  про розгляд за скороченою процедурою проекту Закону про ратифікацію Договору між Україною та Урядом Малайзії про видачу правопорушників (№0129)","2017-02-22",10922,"10:54",200,0,425,83,FALSE,"aye",FALSE,40,"За політичний курс Президента"
326,"rada","Поіменне голосування  про проект Закону про внесення змін до Закону України ""Про судоустрій і статус суддів"" щодо удосконалення засад організації та функціонування судової влади відповідно до європейських стандартів (№1497) - за основу","2015-01-13",326,"11:27",246,0,423,57,FALSE,"aye",TRUE,40,"За політичний курс Президента"
5437,"rada","Сигнальне голосування  про проект Закону про внесення змін до статті 15 Закону України ""Про судоустрій і статус суддів"" щодо удосконалення механізму визначення рівня навантаження на суддів відповідного суду (№2487)","2015-12-25",5437,"01:26",169,0,426,108,FALSE,"aye",FALSE,40,"За політичний курс Президента"
5072,"rada","Сигнальне голосування  про проект Закону про внесення змін до статті 15 Закону України ""Про судоустрій і статус суддів"" щодо удосконалення механізму визначення рівня навантаження на суддів відповідного суду (№2487)","2015-12-08",5072,"17:41",205,1,427,100,FALSE,"aye",FALSE,40,"За політичний курс Президента"
5073,"rada","Сигнальне голосування  про проект Закону про внесення змін до статті 15 Закону України ""Про судоустрій і статус суддів"" щодо удосконалення механізму визначення рівня навантаження на суддів відповідного суду (№2487)","2015-12-08",5073,"17:42",204,1,427,96,FALSE,"aye",FALSE,40,"За політичний курс Президента"
7653,"rada","Поіменне голосування  про проект Закону про судоустрій і статус суддів (№4734) - за основу та в цілому","2016-06-02",7653,"12:00",281,5,417,49,TRUE,"aye",TRUE,40,"За політичний курс Президента"
7865,"rada","Поіменне голосування  про проект Постанови про скасування рішення Верховної Ради України від 02 червня 2016 року про прийняття за основу та в цілому проекту закону про судоустрій і статус суддів (№4734-П) - за основу та в цілому","2016-06-16",7865,"14:00",72,13,417,85,FALSE,"aye",TRUE,40,"За політичний курс Президента"
5071,"rada","Поіменне голосування  про розгляд за скороченою процедурою проекту Закону про внесення змін до статті 15 Закону України ""Про судоустрій і статус суддів"" щодо удосконалення механізму визначення рівня навантаження на суддів відповідного суду (№2487)","2015-12-08",5071,"17:36",166,9,427,126,FALSE,"aye",FALSE,40,"За політичний курс Президента"
271,"rada","Поіменне голосування  про включення до порядку денного сесії проекту Закону про внесення змін до Закону України ""Про судоустрій і статус суддів"" щодо удосконалення засад організації та функціонування судової влади відповідно до європейських стандартів (№1497)","2014-12-28",271,"10:18",270,1,423,45,FALSE,"aye",FALSE,40,"За політичний курс Президента"
274,"rada","Поіменне голосування  про включення до порядку денного сесії проекту Закону про внесення змін до Закону України ""Про судоустрій і статус суддів"" (щодо вдосконалення процедури переведення суддів)  (№1590)","2014-12-28",274,"10:20",273,0,423,33,FALSE,"aye",FALSE,40,"За політичний курс Президента"
273,"rada","Поіменне голосування  про включення до порядку денного сесії проекту Закону про внесення змін до Закону України ""Про судоустрій та статус суддів"" щодо встановлення реальної відповідальності суддів  (№1585)","2014-12-28",273,"10:19",274,0,423,32,FALSE,"aye",FALSE,40,"За політичний курс Президента"
327,"rada","Поіменне голосування  про проект Закону про внесення змін до Закону України ""Про судоустрій та статус суддів"" щодо встановлення реальної відповідальності суддів (№1585) - за основу","2015-01-13",327,"11:28",102,1,423,96,FALSE,"aye",TRUE,40,"За політичний курс Президента"
10218,"rada","Поіменне голосування  про проект Закону про Вищу раду правосуддя (№5180) - у другому читанні та в цілому","2016-12-21",10218,"02:57",271,17,426,67,FALSE,"aye",TRUE,40,"За політичний курс Президента"
10216,"rada","Рейтингове голосування  про проект Закону про Вищу раду правосуддя (№5180)","2016-12-21",10216,"02:38",200,14,426,87,FALSE,"aye",FALSE,40,"За політичний курс Президента"
9483,"rada","Поіменне голосування  про проект Закону про Вищу раду правосуддя (№5180) - за основу","2016-11-03",9483,"18:08",232,5,423,55,FALSE,"aye",TRUE,40,"За політичний курс Президента"
10217,"rada","Поіменне голосування  про процедуру ad hoc стосовно розгляду в редакції Комітету проекту Закону про Вищу раду правосуддя (№5180)","2016-12-21",10217,"02:57",257,22,426,79,FALSE,"aye",TRUE,40,"За політичний курс Президента"
10223,"rada","Рейтингове голосування  про проект Закону про внесення змін до Бюджетного кодексу України щодо уточнення розпорядників бюджетних коштів (№5181)","2016-12-21",10223,"03:16",220,6,426,91,FALSE,"aye",FALSE,40,"За політичний курс Президента"
10224,"rada","Поіменне голосування  про проект Закону про внесення змін до Бюджетного кодексу України щодо уточнення розпорядників бюджетних коштів (№5181) - за основу та в цілому","2016-12-21",10224,"03:18",235,7,426,77,FALSE,"aye",TRUE,40,"За політичний курс Президента"
10222,"rada","Поіменне голосування  про розгляд за скороченою процедурою проекту Закону про внесення змін до Бюджетного кодексу України щодо уточнення розпорядників бюджетних коштів (№5181)","2016-12-21",10222,"03:01",194,20,426,111,FALSE,"aye",FALSE,40,"За політичний курс Президента"
9585,"rada","Поіменне голосування  про проект Закону про внесення змін до деяких законів України щодо відшкодування фізичним особам через систему гарантування вкладів фізичних осіб шкоди, завданої зловживаннями у сфері банківських та інших фінансових послуг (№5390) - за основу та в цілому","2016-11-15",9585,"16:30",285,2,425,58,FALSE,"aye",TRUE,40,"За політичний курс Президента"
9582,"rada","Поіменне голосування  про розгляд за скороченою процедурою проекту Закону про внесення змін до деяких законів України щодо відшкодування фізичним особам через систему гарантування вкладів фізичних осіб шкоди, завданої зловживаннями у сфері банківських та інших фінансових послуг (№5390)","2016-11-15",9582,"16:09",144,7,425,133,FALSE,"aye",FALSE,40,"За політичний курс Президента"
9584,"rada","Поіменне голосування  про розгляд за скороченою процедурою проекту Закону про внесення змін до деяких законів України щодо відшкодування фізичним особам через систему гарантування вкладів фізичних осіб шкоди, завданої зловживаннями у сфері банківських та інших фінансових послуг (№5390)","2016-11-15",9584,"16:12",176,9,425,111,FALSE,"aye",FALSE,40,"За політичний курс Президента"
9538,"rada","Поіменне голосування  про включення до порядку денного та розгляд проекту Закону про внесення змін до деяких законів України щодо відшкодування фізичним особам через систему гарантування вкладів фізичних осіб шкоди, завданої зловживаннями у сфері банківських та інших фінансових послуг (№5390)","2016-11-15",9538,"11:39",276,0,425,60,FALSE,"aye",FALSE,40,"За політичний курс Президента"
9583,"rada","Поіменне голосування  про розгляд за скороченою процедурою проекту Закону про внесення змін до деяких законів України щодо відшкодування фізичним особам через систему гарантування вкладів фізичних осіб шкоди, завданої зловживаннями у сфері банківських та інших фінансових послуг (№5390)","2016-11-15",9583,"16:10",145,8,425,126,FALSE,"aye",FALSE,40,"За політичний курс Президента"
10085,"rada","Поіменне голосування  про проект Закону про внесення зміни до Закону України ""Про банки і банківську діяльність"" щодо гарантування державою вкладів фізичних осіб (№5553) - за основу та в цілому","2016-12-20",10085,"20:01",276,4,425,68,FALSE,"aye",TRUE,40,"За політичний курс Президента"
10512,"rada","Поіменне голосування  про проект Закону про схвалення рішення Президента України про допуск підрозділів збройних сил інших держав на територію України у 2017 році для участі у багатонаціональних навчаннях (№5636) - за основу та в цілому","2017-01-19",10512,"11:14",236,0,426,48,FALSE,"aye",TRUE,40,"За політичний курс Президента"
10438,"rada","Поіменне голосування про включення до порядку денного сесії проекту Закону про схвалення рішення Президента України про допуск підрозділів збройних сил інших держав на територію України у 2017 році для участі у багатонаціональних навчаннях (№5636)","2017-01-17",10438,"17:14",222,0,426,77,FALSE,"aye",FALSE,40,"За політичний курс Президента"
10510,"rada","Поіменне голосування  про розгляд проекту Закону про схвалення рішення Президента України про допуск підрозділів збройних сил інших держав на територію України у 2017 році для участі у багатонаціональних навчаннях (№5636)","2017-01-19",10510,"10:58",229,0,426,47,FALSE,"aye",TRUE,40,"За політичний курс Президента"
10431,"rada","Рейтингове голосування  про включення до порядку денного сесії проекту Закону про схвалення рішення Президента України про допуск підрозділів збройних сил інших держав на територію України у 2017 році для участі у багатонаціональних навчаннях (№5636)","2017-01-17",10431,"14:01",205,0,426,83,FALSE,"aye",FALSE,40,"За політичний курс Президента"
10439,"rada","Поіменне голосування про включення до порядку денного сесії проекту Закону про схвалення рішення Президента України про допуск підрозділів збройних сил інших держав на територію України у 2017 році для участі у багатонаціональних навчаннях (№5636)","2017-01-17",10439,"17:15",232,0,426,70,FALSE,"aye",FALSE,40,"За політичний курс Президента"
10511,"rada","Поіменне голосування  про розгляд за скороченою процедурою проекту Закону про схвалення рішення Президента України про допуск підрозділів збройних сил інших держав на територію України у 2017 році для участі у багатонаціональних навчаннях (№5636)","2017-01-19",10511,"10:59",206,11,426,80,FALSE,"aye",FALSE,40,"За політичний курс Президента"
10509,"rada","Поіменне голосування  про розгляд проекту Закону про схвалення рішення Президента України про допуск підрозділів збройних сил інших держав на територію України у 2017 році для участі у багатонаціональних навчаннях (№5636)","2017-01-19",10509,"10:57",220,0,426,55,FALSE,"aye",TRUE,40,"За політичний курс Президента"
